-- phpMyAdmin SQL Dump
-- version 5.2.1
-- https://www.phpmyadmin.net/
--
-- Hôte : 127.0.0.1:3306
-- Généré le : sam. 21 sep. 2024 à 14:30
-- Version du serveur : 5.7.31
-- Version de PHP : 8.1.27

SET SQL_MODE = "NO_AUTO_VALUE_ON_ZERO";
START TRANSACTION;
SET time_zone = "+00:00";


/*!40101 SET @OLD_CHARACTER_SET_CLIENT=@@CHARACTER_SET_CLIENT */;
/*!40101 SET @OLD_CHARACTER_SET_RESULTS=@@CHARACTER_SET_RESULTS */;
/*!40101 SET @OLD_COLLATION_CONNECTION=@@COLLATION_CONNECTION */;
/*!40101 SET NAMES utf8mb4 */;

--
-- Base de données : `laravel_api_db`
--

-- --------------------------------------------------------

--
-- Structure de la table `customers`
--

DROP TABLE IF EXISTS `customers`;
CREATE TABLE IF NOT EXISTS `customers` (
  `id` bigint(20) UNSIGNED NOT NULL AUTO_INCREMENT,
  `name` varchar(191) COLLATE utf8mb4_unicode_ci NOT NULL,
  `type` varchar(191) COLLATE utf8mb4_unicode_ci NOT NULL,
  `address` varchar(191) COLLATE utf8mb4_unicode_ci NOT NULL,
  `city` varchar(191) COLLATE utf8mb4_unicode_ci NOT NULL,
  `postal_code` varchar(191) COLLATE utf8mb4_unicode_ci DEFAULT NULL,
  `created_at` timestamp NULL DEFAULT NULL,
  `updated_at` timestamp NULL DEFAULT NULL,
  `user_id` bigint(20) UNSIGNED NOT NULL,
  PRIMARY KEY (`id`),
  KEY `customers_user_id_foreign` (`user_id`)
) ENGINE=MyISAM AUTO_INCREMENT=136 DEFAULT CHARSET=utf8mb4 COLLATE=utf8mb4_unicode_ci;

--
-- Déchargement des données de la table `customers`
--

INSERT INTO `customers` (`id`, `name`, `type`, `address`, `city`, `postal_code`, `created_at`, `updated_at`, `user_id`) VALUES
(132, 'Randy, joary', 'company', 'lot isb Jada Wells Apt. 713', 'Tana', '99900-2160-301', '2024-09-12 12:46:48', '2024-09-12 12:46:48', 0),
(2, 'Dr. Eli Harber MD', 'individual', '43595 Charlie Falls Apt. 405', 'Lake Carashire', '80616', '2024-09-07 11:02:19', '2024-09-07 11:02:19', 0),
(3, 'Mr. Riley Leannon', 'individual', '43416 Grant Hills', 'South Princehaven', '61690', '2024-09-07 11:02:19', '2024-09-07 11:02:19', 0),
(4, 'Kris and Sons', 'company', '38524 Iliana Ports', 'New Rudolph', '56049', '2024-09-07 11:02:19', '2024-09-07 11:02:19', 0),
(5, 'Lonny Collins', 'individual', '7434 Reinhold Ford', 'Genovevastad', '49139', '2024-09-07 11:02:19', '2024-09-07 11:02:19', 0),
(6, 'Theresa Harris', 'individual', '3911 Ortiz Forge', 'Charityland', '80040-0567', '2024-09-07 11:02:19', '2024-09-07 11:02:19', 0),
(7, 'Gulgowski Ltd', 'company', '9354 Marguerite Heights Apt. 627', 'South Cliftonshire', '17578-4723', '2024-09-07 11:02:19', '2024-09-07 11:02:19', 0),
(8, 'Reilly LLC', 'company', '33383 Wyman Knoll', 'New Emmalee', '50373', '2024-09-07 11:02:19', '2024-09-07 11:02:19', 0),
(9, 'Davis-Wyman', 'company', '1232 Veum Forges Apt. 063', 'Fernland', '56711', '2024-09-07 11:02:19', '2024-09-07 11:02:19', 0),
(10, 'Luisa Lynch', 'individual', '6734 Heaney Trafficway', 'South Lianashire', '27103-1279', '2024-09-07 11:02:19', '2024-09-07 11:02:19', 0),
(11, 'Stevie Lind IV', 'individual', '2589 Kihn Keys Apt. 843', 'New Courtneymouth', '18083-7556', '2024-09-07 11:02:19', '2024-09-07 11:02:19', 0),
(12, 'Lang Inc', 'company', '2993 Macey Islands', 'Port Sydnee', '67480-4216', '2024-09-07 11:02:19', '2024-09-07 11:02:19', 0),
(13, 'Zulauf, Swaniawski and Lehner', 'company', '982 Jakubowski Mills Apt. 291', 'Grayceland', '89687', '2024-09-07 11:02:19', '2024-09-07 11:02:19', 0),
(14, 'Dr. Vida Deckow II', 'individual', '32319 Bauch Stream Apt. 091', 'Greenholtmouth', '61545-0536', '2024-09-07 11:02:19', '2024-09-07 11:02:19', 0),
(15, 'Ernser, Wintheiser and O\'Hara', 'company', '1173 Hazel Glen Suite 208', 'North Darrick', '48730-2686', '2024-09-07 11:02:19', '2024-09-07 11:02:19', 0),
(16, 'Mrs. Carlie Koch I', 'individual', '49626 Dangelo Bypass Apt. 848', 'O\'Connellview', '29107-2692', '2024-09-07 11:02:19', '2024-09-07 11:02:19', 0),
(17, 'Bauch-Eichmann', 'company', '5543 Abshire Loop', 'O\'Connellville', '40811', '2024-09-07 11:02:19', '2024-09-07 11:02:19', 0),
(18, 'Breitenberg, Stanton and Weimann', 'company', '346 Antonina Meadows Apt. 615', 'Flatleytown', '79156-9635', '2024-09-07 11:02:19', '2024-09-07 11:02:19', 0),
(19, 'Emmie Johns', 'individual', '80324 Aurelia Pines Suite 372', 'West Thomaschester', '38423', '2024-09-07 11:02:19', '2024-09-07 11:02:19', 0),
(20, 'Preston Kilback', 'individual', '116 Dietrich Drive', 'Quitzonton', '89010', '2024-09-07 11:02:19', '2024-09-07 11:02:19', 0),
(21, 'Miss Allison Spencer I', 'individual', '1427 Pink Spurs Suite 317', 'Wiegandshire', '02444', '2024-09-07 11:02:19', '2024-09-07 11:02:19', 0),
(22, 'Ondricka-Skiles', 'company', '9916 Ella Extension', 'Cesarberg', '02862-9362', '2024-09-07 11:02:19', '2024-09-07 11:02:19', 0),
(23, 'Wanda Schinner', 'individual', '913 Brekke Glens Suite 033', 'New Hershel', '05843', '2024-09-07 11:02:20', '2024-09-07 11:02:20', 0),
(24, 'Price LLC', 'company', '99013 Abshire Light Suite 360', 'Lake Buster', '07126', '2024-09-07 11:02:20', '2024-09-07 11:02:20', 0),
(25, 'Laurel Hamill', 'individual', '6278 Nitzsche Crossroad', 'East Magdalenaside', '81314', '2024-09-07 11:02:20', '2024-09-07 11:02:20', 0),
(26, 'Wanda Braun', 'individual', '113 Cummerata Pines Apt. 453', 'Port Paolotown', '04350', '2024-09-07 11:02:20', '2024-09-07 11:02:20', 0),
(27, 'Mrs. Earlene Johnson Sr.', 'individual', '4787 Kovacek Centers', 'Corwinchester', '75412', '2024-09-07 11:02:20', '2024-09-07 11:02:20', 0),
(28, 'Schmitt, Krajcik and Pfeffer', 'company', '193 Amari Brook Apt. 356', 'Brandyton', '40512-5495', '2024-09-07 11:02:20', '2024-09-07 11:02:20', 0),
(29, 'Tanya Fahey', 'individual', '990 Tiana Cliff Apt. 962', 'North Gaston', '11055', '2024-09-07 11:02:20', '2024-09-07 11:02:20', 0),
(30, 'Towne, Langworth and Reynolds', 'company', '3571 Lulu Ways Apt. 212', 'West Arielleport', '92023-3493', '2024-09-07 11:02:20', '2024-09-07 11:02:20', 0),
(31, 'Dustin Kub', 'individual', '75347 O\'Hara Meadow', 'Lake Joseph', '66308-1950', '2024-09-07 11:02:20', '2024-09-07 11:02:20', 0),
(32, 'Mills and Sons', 'company', '9990 Weissnat Turnpike', 'Hallemouth', '90629-4891', '2024-09-07 11:02:20', '2024-09-07 11:02:20', 0),
(33, 'White-Harber', 'company', '13962 Minnie Village', 'Port Edgardo', '00571', '2024-09-07 11:02:20', '2024-09-07 11:02:20', 0),
(34, 'Abernathy, Kub and Hayes', 'company', '431 Makayla Dam', 'Brenthaven', '71113-3217', '2024-09-07 11:02:20', '2024-09-07 11:02:20', 0),
(35, 'Ms. Norene Balistreri Sr.', 'individual', '15279 Claud Lodge', 'Craigfurt', '23050-0415', '2024-09-07 11:02:20', '2024-09-07 11:02:20', 0),
(36, 'Koss PLC', 'company', '59976 Troy Groves', 'Goldnerview', '98336-3560', '2024-09-07 11:02:20', '2024-09-07 11:02:20', 0),
(37, 'Corwin-Pacocha', 'company', '63504 Parisian Knoll', 'Port Alberto', '99125', '2024-09-07 11:02:20', '2024-09-07 11:02:20', 0),
(38, 'Howell and Sons', 'company', '2940 Tromp Rest', 'South Brielle', '80972-5083', '2024-09-07 11:02:20', '2024-09-07 11:02:20', 0),
(39, 'Miss Mikayla Smith', 'individual', '4186 Delbert Orchard Suite 455', 'Wiegandmouth', '24161', '2024-09-07 11:02:20', '2024-09-07 11:02:20', 0),
(40, 'Wisozk-Collins', 'company', '65955 Hagenes Avenue', 'Ahmadville', '64095-6858', '2024-09-07 11:02:20', '2024-09-07 11:02:20', 0),
(41, 'Schinner PLC', 'company', '71883 Marquardt Prairie Suite 770', 'North Baileyview', '34198-1949', '2024-09-07 11:02:20', '2024-09-07 11:02:20', 0),
(42, 'Mitchell Group', 'company', '5141 Rodriguez Loaf Suite 021', 'Herminiashire', '60524-4608', '2024-09-07 11:02:20', '2024-09-07 11:02:20', 0),
(43, 'Nicolas, Medhurst and Bradtke', 'company', '1348 Lulu Meadows Apt. 832', 'South Marlin', '22137-3004', '2024-09-07 11:02:20', '2024-09-07 11:02:20', 0),
(44, 'Mrs. Ona Goldner III', 'individual', '350 Emard Pines', 'Vandervortchester', '15997-4622', '2024-09-07 11:02:20', '2024-09-07 11:02:20', 0),
(45, 'Bernice Keeling DDS', 'individual', '61339 Leannon Shoals Suite 157', 'Dorotheaborough', '90549', '2024-09-07 11:02:20', '2024-09-07 11:02:20', 0),
(46, 'Hauck and Sons', 'company', '41876 Yost Streets', 'North Darrell', '92893-4585', '2024-09-07 11:02:20', '2024-09-07 11:02:20', 0),
(47, 'Wolf LLC', 'company', '2816 Aliza Walks Suite 415', 'West Leliaville', '30991', '2024-09-07 11:02:20', '2024-09-07 11:02:20', 0),
(48, 'Erdman-Rogahn', 'company', '978 Parker Drives Apt. 460', 'Chanelleton', '73790', '2024-09-07 11:02:20', '2024-09-07 11:02:20', 0),
(49, 'Beahan-Corwin', 'company', '18369 Giovanna Pine', 'New Vivianville', '16659-7679', '2024-09-07 11:02:20', '2024-09-07 11:02:20', 0),
(50, 'Koelpin Group', 'company', '36837 Feil Meadow Apt. 522', 'Breannaton', '34224', '2024-09-07 11:02:20', '2024-09-07 11:02:20', 0),
(51, 'Miss Adrienne Turcotte', 'individual', '490 Bryon Camp Apt. 335', 'Lake Alessia', '84576', '2024-09-07 11:02:20', '2024-09-07 11:02:20', 0),
(52, 'Amie Yundt', 'individual', '647 Virgil Viaduct', 'Valentineview', '19525-6100', '2024-09-07 11:02:20', '2024-09-07 11:02:20', 0),
(53, 'Hirthe, Halvorson and Stiedemann', 'company', '9563 Dooley Viaduct Suite 919', 'Brettshire', '81984-3140', '2024-09-07 11:02:20', '2024-09-07 11:02:20', 0),
(54, 'Prof. Lupe Schamberger V', 'individual', '78698 Ismael Shore', 'New Zulaville', '68232', '2024-09-07 11:02:20', '2024-09-07 11:02:20', 0),
(55, 'Dietrich, Rau and Wolff', 'company', '8331 Berge Ridge Suite 627', 'New Marlenton', '69798', '2024-09-07 11:02:20', '2024-09-07 11:02:20', 0),
(56, 'Ms. Bridgette Lind DDS', 'individual', '69065 Renner Mill Suite 849', 'Justinaview', '36842-0090', '2024-09-07 11:02:20', '2024-09-07 11:02:20', 0),
(57, 'Greenfelder and Sons', 'company', '44779 Pollich Ramp', 'Lucindafurt', '08229', '2024-09-07 11:02:20', '2024-09-07 11:02:20', 0),
(58, 'Koelpin PLC', 'company', '61174 Hermiston Junctions Apt. 928', 'Isacfort', '55822', '2024-09-07 11:02:20', '2024-09-07 11:02:20', 0),
(59, 'Botsford Inc', 'company', '7506 Lemuel Valleys Suite 548', 'New Bruce', '60665', '2024-09-07 11:02:20', '2024-09-07 11:02:20', 0),
(60, 'Alejandra Hudson', 'individual', '216 Dora Falls Apt. 017', 'Streichborough', '03338', '2024-09-07 11:02:20', '2024-09-07 11:02:20', 0),
(61, 'Russ Schmidt', 'individual', '964 O\'Conner Drive', 'Lake Loganview', '85154', '2024-09-07 11:02:20', '2024-09-07 11:02:20', 0),
(62, 'Keeling Ltd', 'company', '8776 Lavinia Street Apt. 418', 'Port Doloresfort', '55532-8562', '2024-09-07 11:02:20', '2024-09-07 11:02:20', 0),
(63, 'Baron Carroll', 'individual', '65422 Shanny Fort', 'Grimeschester', '56680-8626', '2024-09-07 11:02:20', '2024-09-07 11:02:20', 0),
(64, 'Stephen Dicki MD', 'individual', '58272 Bayer Forges', 'Kaitlyntown', '26251-1488', '2024-09-07 11:02:20', '2024-09-07 11:02:20', 0),
(65, 'Alec Keebler', 'individual', '5788 Katelyn Neck', 'West Icietown', '22455', '2024-09-07 11:02:20', '2024-09-07 11:02:20', 0),
(66, 'Larkin-Okuneva', 'company', '11309 Simonis Corners Apt. 627', 'Port Otisbury', '86786', '2024-09-07 11:02:20', '2024-09-07 11:02:20', 0),
(67, 'Mr. Freeman Morissette', 'individual', '44184 Kasey Springs', 'Gleichnerland', '38619', '2024-09-07 11:02:20', '2024-09-07 11:02:20', 0),
(68, 'Dr. D\'angelo Adams PhD', 'individual', '577 Theo Fords', 'Dejahbury', '17130-9249', '2024-09-07 11:02:20', '2024-09-07 11:02:20', 0),
(69, 'Russel LLC', 'company', '7067 Joanne Lake', 'South Luz', '05067', '2024-09-07 11:02:20', '2024-09-07 11:02:20', 0),
(70, 'King, Lynch and Erdman', 'company', '1006 Keebler Parks', 'North Cyrushaven', '48555', '2024-09-07 11:02:20', '2024-09-07 11:02:20', 0),
(71, 'Joanne Swaniawski', 'individual', '5992 Chadrick Mission', 'Metzview', '02353', '2024-09-07 11:02:20', '2024-09-07 11:02:20', 0),
(72, 'Rusty Schinner', 'individual', '148 Darion Station', 'Lamarburgh', '76707', '2024-09-07 11:02:20', '2024-09-07 11:02:20', 0),
(73, 'Bergstrom-Parker', 'company', '68094 Stephon Extensions', 'Haylieside', '12522', '2024-09-07 11:02:20', '2024-09-07 11:02:20', 0),
(74, 'Raleigh Kohler', 'individual', '377 Buckridge Circles', 'Pedrotown', '65548', '2024-09-07 11:02:20', '2024-09-07 11:02:20', 0),
(75, 'Jonathon Schaden', 'individual', '51610 Gaylord Mall', 'North Antonia', '48589-1229', '2024-09-07 11:02:20', '2024-09-07 11:02:20', 0),
(76, 'Agustina Daugherty Jr.', 'individual', '76579 Rosario Radial Apt. 612', 'East Kaylie', '45593', '2024-09-07 11:02:20', '2024-09-07 11:02:20', 0),
(77, 'Wiza, Cremin and Hamill', 'company', '7186 Frami Hill Suite 311', 'Schowalterstad', '79777', '2024-09-07 11:02:20', '2024-09-07 11:02:20', 0),
(78, 'Keeling Inc', 'company', '5019 Stark Skyway Apt. 859', 'West Herminia', '82811-2480', '2024-09-07 11:02:20', '2024-09-07 11:02:20', 0),
(79, 'Kennedy Schowalter', 'individual', '2261 Ayana Stravenue Suite 033', 'New Elinoreville', '20026-6050', '2024-09-07 11:02:20', '2024-09-07 11:02:20', 0),
(80, 'Rath, VonRueden and Lebsack', 'company', '92220 Von Brooks', 'Howeshire', '18004-4930', '2024-09-07 11:02:20', '2024-09-07 11:02:20', 0),
(81, 'Gorczany Ltd', 'company', '601 Roberto Vista Suite 246', 'South Margarettefort', '96374', '2024-09-07 11:02:20', '2024-09-07 11:02:20', 0),
(82, 'Reynolds, Wyman and Mosciski', 'company', '30702 Leonel Fords', 'New Meghanbury', '97212', '2024-09-07 11:02:20', '2024-09-07 11:02:20', 0),
(83, 'Gulgowski, Hartmann and Bashirian', 'company', '77081 Walter Ports', 'Evanton', '21085-7198', '2024-09-07 11:02:20', '2024-09-07 11:02:20', 0),
(84, 'Kris, Johnson and Schneider', 'company', '4663 Anthony Mills Apt. 044', 'Adrainborough', '54029', '2024-09-07 11:02:20', '2024-09-07 11:02:20', 0),
(85, 'Mohr-Schuppe', 'company', '45704 Liam Parkway Suite 109', 'Lake Yesenia', '24695', '2024-09-07 11:02:20', '2024-09-07 11:02:20', 0),
(86, 'Carter PLC', 'company', '1482 Amalia Flat Apt. 883', 'East Napoleonburgh', '19883', '2024-09-07 11:02:20', '2024-09-07 11:02:20', 0),
(87, 'Lenna Erdman I', 'individual', '11434 Braulio Harbor', 'Taliafort', '57321', '2024-09-07 11:02:20', '2024-09-07 11:02:20', 0),
(88, 'Roberts Ltd', 'company', '3486 Pagac Mountains', 'Harmonyside', '87255', '2024-09-07 11:02:20', '2024-09-07 11:02:20', 0),
(89, 'Hettie Huels', 'individual', '771 O\'Hara Run Suite 810', 'Lake Carlotta', '89544-3892', '2024-09-07 11:02:20', '2024-09-07 11:02:20', 0),
(90, 'Ward, Krajcik and McKenzie', 'company', '21533 Hortense Isle', 'New Arianeside', '77679-4859', '2024-09-07 11:02:20', '2024-09-07 11:02:20', 0),
(91, 'Mills-West', 'company', '714 Mueller Ramp', 'Deionmouth', '21417', '2024-09-07 11:02:20', '2024-09-07 11:02:20', 0),
(92, 'Sister Leffler Jr.', 'individual', '47596 Domenic Flat Apt. 266', 'East Lowellville', '31739', '2024-09-07 11:02:20', '2024-09-07 11:02:20', 0),
(93, 'Schimmel, Raynor and Borer', 'company', '73084 Karson Locks', 'West Vena', '77976-7613', '2024-09-07 11:02:20', '2024-09-07 11:02:20', 0),
(94, 'Wolf Group', 'company', '904 Tyler Trafficway Suite 565', 'Loishaven', '11956', '2024-09-07 11:02:20', '2024-09-07 11:02:20', 0),
(95, 'Watsica-Corkery', 'company', '44526 Korey Spring Suite 600', 'Harberville', '30815-6376', '2024-09-07 11:02:20', '2024-09-07 11:02:20', 0),
(96, 'Erick Hickle', 'individual', '83824 Veum Brook Suite 085', 'West Marley', '28571', '2024-09-07 11:02:20', '2024-09-07 11:02:20', 0),
(97, 'Huels-Yost', 'company', '4111 Eichmann Junctions Apt. 500', 'Vallieport', '90506-4481', '2024-09-07 11:02:20', '2024-09-07 11:02:20', 0),
(98, 'Dr. Tre Beatty', 'individual', '657 Ransom Shoal Suite 151', 'Hudsonbury', '50174-4416', '2024-09-07 11:02:20', '2024-09-07 11:02:20', 0),
(99, 'Considine, Cremin and Crooks', 'company', '609 Dariana Turnpike Apt. 827', 'West Allison', '69452-2431', '2024-09-07 11:02:20', '2024-09-07 11:02:20', 0),
(100, 'Hagenes, Labadie and Terry', 'company', '6084 Jada Wells Apt. 713', 'Cortneyfort', '99900-2160', '2024-09-07 11:02:20', '2024-09-07 11:02:20', 0),
(101, 'Lehner, Beer and Wuckert', 'company', '443 Buckridge Bypass', 'Carolynview', '82270-9150', '2024-09-07 11:02:20', '2024-09-07 11:02:20', 0),
(102, 'Beier-Schroeder', 'company', '208 Parisian Squares Apt. 350', 'Jamisonton', '79924-7110', '2024-09-07 11:02:20', '2024-09-07 11:02:20', 0),
(103, 'Dr. Linnie Kuphal', 'individual', '5837 Margot Vista', 'Darianafurt', '33781-6324', '2024-09-07 11:02:20', '2024-09-07 11:02:20', 0),
(104, 'Moore PLC', 'company', '732 Mann Trace', 'Lake Rebeccamouth', '26397', '2024-09-07 11:02:20', '2024-09-07 11:02:20', 0),
(105, 'Lowe, Schulist and Prohaska', 'company', '246 Lenora Road Suite 949', 'South Martinaburgh', '77783', '2024-09-07 11:02:20', '2024-09-07 11:02:20', 0),
(106, 'Bauch, Eichmann and Roob', 'company', '7366 Adams Ranch Apt. 009', 'O\'Connerton', '88722-4533', '2024-09-07 11:02:20', '2024-09-07 11:02:20', 0),
(107, 'Miss Verna Hermiston I', 'individual', '66003 Sanford Knoll Apt. 782', 'East Elda', '07610-9495', '2024-09-07 11:02:20', '2024-09-07 11:02:20', 0),
(108, 'Rau-Mosciski', 'company', '3814 Parisian Pine Suite 383', 'South Friedaland', '55016-4804', '2024-09-07 11:02:20', '2024-09-07 11:02:20', 0),
(109, 'McDermott, Lindgren and Rohan', 'company', '95292 Bradtke Forges Suite 163', 'Bergstromview', '53988-4655', '2024-09-07 11:02:20', '2024-09-07 11:02:20', 0),
(110, 'Dr. Savannah Streich', 'individual', '381 Braun Crescent', 'Ankundingside', '72519-3245', '2024-09-07 11:02:20', '2024-09-07 11:02:20', 0),
(111, 'Hank Schneider', 'individual', '43355 Kuhic Curve', 'Abshireshire', '45743', '2024-09-07 11:02:20', '2024-09-07 11:02:20', 0),
(112, 'Mrs. Shanny Reinger DDS', 'individual', '893 Valerie Knolls', 'Danikaburgh', '35845-5215', '2024-09-07 11:02:20', '2024-09-07 11:02:20', 0),
(113, 'Douglas Inc', 'company', '906 Thaddeus Crossing', 'Eldridgehaven', '35747', '2024-09-07 11:02:20', '2024-09-07 11:02:20', 0),
(114, 'Tre Bartoletti', 'individual', '92857 Spencer Harbor Apt. 384', 'Port Cierra', '98075-5839', '2024-09-07 11:02:20', '2024-09-07 11:02:20', 0),
(115, 'Lillie Jast', 'individual', '5189 Velda Glen Apt. 287', 'Niafurt', '86331-4744', '2024-09-07 11:02:20', '2024-09-07 11:02:20', 0),
(116, 'Jaylen Mosciski', 'individual', '469 Watsica Mountains Suite 524', 'North Keenan', '28628-2560', '2024-09-07 11:02:20', '2024-09-07 11:02:20', 0),
(117, 'Dr. Bartholome Dicki', 'individual', '73644 Reanna Keys', 'Zemlakshire', '68247', '2024-09-07 11:02:20', '2024-09-07 11:02:20', 0),
(118, 'Wisozk, Murazik and Spinka', 'company', '857 Morton Causeway', 'Rogahnville', '96964-9831', '2024-09-07 11:02:20', '2024-09-07 11:02:20', 0),
(119, 'Brian Yost', 'individual', '1509 Kenny Route Apt. 040', 'Gleasonburgh', '16283-5072', '2024-09-07 11:02:20', '2024-09-07 11:02:20', 0),
(120, 'Macie Franecki', 'individual', '2220 Monahan Mountains', 'East Isobelborough', '25576', '2024-09-07 11:02:20', '2024-09-07 11:02:20', 0),
(121, 'Boris Crona', 'individual', '1045 Ezequiel Wells Suite 692', 'East Lindsey', '10261-4574', '2024-09-07 11:02:20', '2024-09-07 11:02:20', 0),
(122, 'Thiel, Abbott and Quitzon', 'company', '954 Omer Keys Suite 872', 'Port Marcoville', '42799-3887', '2024-09-07 11:02:20', '2024-09-07 11:02:20', 0),
(123, 'Brannon Gaylord', 'individual', '472 Hudson Field', 'West Charles', '44761', '2024-09-07 11:02:20', '2024-09-07 11:02:20', 0),
(124, 'Champlin-Schiller', 'company', '684 Mayer Junction', 'South Domingoland', '98611-7841', '2024-09-07 11:02:20', '2024-09-07 11:02:20', 0),
(125, 'Koelpin Group', 'company', '16710 Deckow Tunnel Apt. 748', 'Port Liana', '56853', '2024-09-07 11:02:20', '2024-09-07 11:02:20', 0),
(126, 'Irwin Brown', 'individual', '898 Luettgen Ports', 'Boyleshire', '67182-7901', '2024-09-07 11:02:21', '2024-09-07 11:02:21', 0),
(127, 'Rempel-Grimes', 'company', '25140 Griffin Lodge', 'Schadenville', '97460-6260', '2024-09-07 11:02:21', '2024-09-07 11:02:21', 0),
(128, 'Kuhn LLC', 'company', '80789 Bode Mill Suite 067', 'Ottilieburgh', '97737', '2024-09-07 11:02:21', '2024-09-07 11:02:21', 0),
(129, 'Schuppe-Dare', 'company', '533 Ryan Grove Apt. 641', 'West Heath', '45295-3606', '2024-09-07 11:02:21', '2024-09-07 11:02:21', 0);

-- --------------------------------------------------------

--
-- Structure de la table `failed_jobs`
--

DROP TABLE IF EXISTS `failed_jobs`;
CREATE TABLE IF NOT EXISTS `failed_jobs` (
  `id` bigint(20) UNSIGNED NOT NULL AUTO_INCREMENT,
  `uuid` varchar(191) COLLATE utf8mb4_unicode_ci NOT NULL,
  `connection` text COLLATE utf8mb4_unicode_ci NOT NULL,
  `queue` text COLLATE utf8mb4_unicode_ci NOT NULL,
  `payload` longtext COLLATE utf8mb4_unicode_ci NOT NULL,
  `exception` longtext COLLATE utf8mb4_unicode_ci NOT NULL,
  `failed_at` timestamp NOT NULL DEFAULT CURRENT_TIMESTAMP,
  PRIMARY KEY (`id`),
  UNIQUE KEY `failed_jobs_uuid_unique` (`uuid`)
) ENGINE=MyISAM DEFAULT CHARSET=utf8mb4 COLLATE=utf8mb4_unicode_ci;

-- --------------------------------------------------------

--
-- Structure de la table `invoices`
--

DROP TABLE IF EXISTS `invoices`;
CREATE TABLE IF NOT EXISTS `invoices` (
  `id` bigint(20) UNSIGNED NOT NULL AUTO_INCREMENT,
  `amount` int(11) NOT NULL,
  `customer_id` int(11) NOT NULL,
  `status` varchar(191) COLLATE utf8mb4_unicode_ci NOT NULL,
  `billed_date` datetime NOT NULL,
  `paided_date` datetime DEFAULT NULL,
  `created_at` timestamp NULL DEFAULT NULL,
  `updated_at` timestamp NULL DEFAULT NULL,
  `user_id` bigint(20) UNSIGNED NOT NULL,
  PRIMARY KEY (`id`),
  KEY `invoices_user_id_foreign` (`user_id`)
) ENGINE=MyISAM AUTO_INCREMENT=702 DEFAULT CHARSET=utf8mb4 COLLATE=utf8mb4_unicode_ci;

--
-- Déchargement des données de la table `invoices`
--

INSERT INTO `invoices` (`id`, `amount`, `customer_id`, `status`, `billed_date`, `paided_date`, `created_at`, `updated_at`, `user_id`) VALUES
(1, 347, 1, 'Billed', '2023-05-26 03:10:13', NULL, '2024-09-07 11:02:19', '2024-09-07 11:02:19', 0),
(2, 223, 1, 'Paid', '2023-01-01 13:53:26', '2021-11-22 13:05:30', '2024-09-07 11:02:19', '2024-09-07 11:02:19', 0),
(3, 240, 1, 'Cancel', '2019-03-12 10:56:10', NULL, '2024-09-07 11:02:19', '2024-09-07 11:02:19', 0),
(4, 227, 1, 'Billed', '2019-01-26 10:17:40', NULL, '2024-09-07 11:02:19', '2024-09-07 11:02:19', 0),
(5, 663, 1, 'Cancel', '2023-09-08 03:22:50', NULL, '2024-09-07 11:02:19', '2024-09-07 11:02:19', 0),
(6, 252, 1, 'Paid', '2024-06-10 00:29:57', '2017-02-13 16:31:33', '2024-09-07 11:02:19', '2024-09-07 11:02:19', 0),
(7, 252, 1, 'Paid', '2016-08-27 04:43:31', '2024-05-26 23:42:04', '2024-09-07 11:02:19', '2024-09-07 11:02:19', 0),
(8, 753, 1, 'Cancel', '2017-10-15 11:19:04', NULL, '2024-09-07 11:02:19', '2024-09-07 11:02:19', 0),
(9, 591, 1, 'Billed', '2024-04-30 23:43:07', NULL, '2024-09-07 11:02:19', '2024-09-07 11:02:19', 0),
(10, 339, 1, 'Paid', '2014-10-20 19:15:30', '2022-05-15 19:38:29', '2024-09-07 11:02:19', '2024-09-07 11:02:19', 0),
(11, 960, 2, 'Cancel', '2018-06-05 00:21:29', NULL, '2024-09-07 11:02:19', '2024-09-07 11:02:19', 0),
(12, 453, 2, 'Cancel', '2018-07-20 08:31:34', NULL, '2024-09-07 11:02:19', '2024-09-07 11:02:19', 0),
(13, 871, 2, 'Cancel', '2022-03-29 15:58:32', NULL, '2024-09-07 11:02:19', '2024-09-07 11:02:19', 0),
(14, 386, 2, 'Paid', '2014-10-07 16:12:04', '2024-07-11 15:50:13', '2024-09-07 11:02:19', '2024-09-07 11:02:19', 0),
(15, 667, 2, 'Paid', '2023-04-18 18:35:01', '2018-03-06 07:14:45', '2024-09-07 11:02:19', '2024-09-07 11:02:19', 0),
(16, 981, 2, 'Billed', '2023-09-11 03:54:59', NULL, '2024-09-07 11:02:19', '2024-09-07 11:02:19', 0),
(17, 193, 2, 'Cancel', '2020-12-22 12:13:00', NULL, '2024-09-07 11:02:19', '2024-09-07 11:02:19', 0),
(18, 615, 2, 'Billed', '2015-10-20 06:40:34', NULL, '2024-09-07 11:02:19', '2024-09-07 11:02:19', 0),
(19, 793, 2, 'Billed', '2024-04-08 06:15:41', NULL, '2024-09-07 11:02:19', '2024-09-07 11:02:19', 0),
(20, 207, 2, 'Billed', '2017-02-12 06:13:45', NULL, '2024-09-07 11:02:19', '2024-09-07 11:02:19', 0),
(21, 148, 3, 'Cancel', '2016-12-25 21:09:21', NULL, '2024-09-07 11:02:19', '2024-09-07 11:02:19', 0),
(22, 264, 3, 'Billed', '2018-02-07 03:47:45', NULL, '2024-09-07 11:02:19', '2024-09-07 11:02:19', 0),
(23, 609, 3, 'Paid', '2015-06-05 21:32:10', '2018-10-15 06:58:10', '2024-09-07 11:02:19', '2024-09-07 11:02:19', 0),
(24, 341, 3, 'Paid', '2021-05-21 14:38:07', '2015-01-14 15:15:10', '2024-09-07 11:02:19', '2024-09-07 11:02:19', 0),
(25, 700, 3, 'Billed', '2017-10-17 20:27:35', NULL, '2024-09-07 11:02:19', '2024-09-07 11:02:19', 0),
(26, 922, 3, 'Cancel', '2017-10-18 02:08:56', NULL, '2024-09-07 11:02:19', '2024-09-07 11:02:19', 0),
(27, 437, 3, 'Cancel', '2020-08-31 08:33:13', NULL, '2024-09-07 11:02:19', '2024-09-07 11:02:19', 0),
(28, 581, 3, 'Cancel', '2019-03-10 17:11:48', NULL, '2024-09-07 11:02:19', '2024-09-07 11:02:19', 0),
(29, 186, 3, 'Billed', '2019-02-16 22:43:06', NULL, '2024-09-07 11:02:19', '2024-09-07 11:02:19', 0),
(30, 992, 3, 'Cancel', '2019-05-07 17:57:11', NULL, '2024-09-07 11:02:19', '2024-09-07 11:02:19', 0),
(31, 419, 4, 'Cancel', '2015-02-05 11:23:38', NULL, '2024-09-07 11:02:19', '2024-09-07 11:02:19', 0),
(32, 463, 4, 'Cancel', '2024-08-09 19:16:33', NULL, '2024-09-07 11:02:19', '2024-09-07 11:02:19', 0),
(33, 762, 4, 'Billed', '2019-07-04 21:31:31', NULL, '2024-09-07 11:02:19', '2024-09-07 11:02:19', 0),
(34, 697, 4, 'Billed', '2019-09-08 13:51:20', NULL, '2024-09-07 11:02:19', '2024-09-07 11:02:19', 0),
(35, 598, 4, 'Paid', '2018-05-04 16:02:13', '2016-12-08 06:12:14', '2024-09-07 11:02:19', '2024-09-07 11:02:19', 0),
(36, 697, 4, 'Billed', '2018-04-22 15:33:26', NULL, '2024-09-07 11:02:19', '2024-09-07 11:02:19', 0),
(37, 274, 4, 'Cancel', '2014-09-23 16:03:33', NULL, '2024-09-07 11:02:19', '2024-09-07 11:02:19', 0),
(38, 924, 4, 'Billed', '2014-09-22 08:04:33', NULL, '2024-09-07 11:02:19', '2024-09-07 11:02:19', 0),
(39, 765, 4, 'Cancel', '2024-01-01 00:18:42', NULL, '2024-09-07 11:02:19', '2024-09-07 11:02:19', 0),
(40, 850, 4, 'Billed', '2021-12-08 16:09:28', NULL, '2024-09-07 11:02:19', '2024-09-07 11:02:19', 0),
(41, 211, 5, 'Paid', '2023-04-17 11:40:47', '2015-04-22 16:24:02', '2024-09-07 11:02:19', '2024-09-07 11:02:19', 0),
(42, 451, 5, 'Billed', '2020-11-28 20:12:20', NULL, '2024-09-07 11:02:19', '2024-09-07 11:02:19', 0),
(43, 474, 5, 'Billed', '2017-04-18 19:08:21', NULL, '2024-09-07 11:02:19', '2024-09-07 11:02:19', 0),
(44, 857, 5, 'Paid', '2017-11-08 03:51:13', '2018-06-28 14:56:21', '2024-09-07 11:02:19', '2024-09-07 11:02:19', 0),
(45, 794, 5, 'Cancel', '2017-05-13 00:07:16', NULL, '2024-09-07 11:02:19', '2024-09-07 11:02:19', 0),
(46, 487, 5, 'Cancel', '2016-09-10 04:54:07', NULL, '2024-09-07 11:02:19', '2024-09-07 11:02:19', 0),
(47, 293, 5, 'Paid', '2017-03-24 19:02:38', '2023-10-21 15:33:33', '2024-09-07 11:02:19', '2024-09-07 11:02:19', 0),
(48, 879, 5, 'Billed', '2016-09-10 09:23:28', NULL, '2024-09-07 11:02:19', '2024-09-07 11:02:19', 0),
(49, 302, 5, 'Cancel', '2021-03-03 15:25:51', NULL, '2024-09-07 11:02:19', '2024-09-07 11:02:19', 0),
(50, 375, 5, 'Billed', '2020-03-12 09:23:50', NULL, '2024-09-07 11:02:19', '2024-09-07 11:02:19', 0),
(51, 891, 6, 'Paid', '2015-05-06 05:34:29', '2018-04-11 04:42:32', '2024-09-07 11:02:19', '2024-09-07 11:02:19', 0),
(52, 199, 6, 'Billed', '2015-10-11 23:54:02', NULL, '2024-09-07 11:02:19', '2024-09-07 11:02:19', 0),
(53, 491, 6, 'Paid', '2024-03-30 22:30:24', '2018-11-02 16:14:53', '2024-09-07 11:02:19', '2024-09-07 11:02:19', 0),
(54, 916, 6, 'Cancel', '2022-11-04 12:11:16', NULL, '2024-09-07 11:02:19', '2024-09-07 11:02:19', 0),
(55, 809, 6, 'Cancel', '2023-08-08 14:53:27', NULL, '2024-09-07 11:02:19', '2024-09-07 11:02:19', 0),
(56, 528, 6, 'Billed', '2021-02-24 22:50:37', NULL, '2024-09-07 11:02:19', '2024-09-07 11:02:19', 0),
(57, 608, 6, 'Paid', '2023-08-22 20:03:25', '2023-02-26 08:14:46', '2024-09-07 11:02:19', '2024-09-07 11:02:19', 0),
(58, 424, 6, 'Billed', '2022-08-06 06:25:16', NULL, '2024-09-07 11:02:19', '2024-09-07 11:02:19', 0),
(59, 658, 6, 'Cancel', '2022-12-20 01:09:02', NULL, '2024-09-07 11:02:19', '2024-09-07 11:02:19', 0),
(60, 233, 6, 'Billed', '2019-07-19 01:35:05', NULL, '2024-09-07 11:02:19', '2024-09-07 11:02:19', 0),
(61, 370, 7, 'Paid', '2019-11-22 18:37:03', '2020-03-17 14:30:10', '2024-09-07 11:02:19', '2024-09-07 11:02:19', 0),
(62, 632, 7, 'Billed', '2021-01-05 15:05:43', NULL, '2024-09-07 11:02:19', '2024-09-07 11:02:19', 0),
(63, 775, 7, 'Paid', '2024-06-05 05:45:12', '2019-02-06 14:38:02', '2024-09-07 11:02:19', '2024-09-07 11:02:19', 0),
(64, 273, 7, 'Paid', '2021-02-07 05:05:47', '2018-05-27 02:32:15', '2024-09-07 11:02:19', '2024-09-07 11:02:19', 0),
(65, 764, 7, 'Paid', '2019-03-22 14:50:13', '2015-09-21 07:53:53', '2024-09-07 11:02:19', '2024-09-07 11:02:19', 0),
(66, 150, 7, 'Paid', '2024-05-21 16:53:21', '2017-02-20 07:03:54', '2024-09-07 11:02:19', '2024-09-07 11:02:19', 0),
(67, 383, 7, 'Billed', '2016-09-24 08:48:30', NULL, '2024-09-07 11:02:19', '2024-09-07 11:02:19', 0),
(68, 619, 7, 'Billed', '2024-06-05 07:18:23', NULL, '2024-09-07 11:02:19', '2024-09-07 11:02:19', 0),
(69, 780, 7, 'Cancel', '2015-01-19 01:05:27', NULL, '2024-09-07 11:02:19', '2024-09-07 11:02:19', 0),
(70, 762, 7, 'Billed', '2022-07-13 15:16:39', NULL, '2024-09-07 11:02:19', '2024-09-07 11:02:19', 0),
(71, 772, 8, 'Billed', '2015-08-04 09:56:22', NULL, '2024-09-07 11:02:19', '2024-09-07 11:02:19', 0),
(72, 124, 8, 'Paid', '2017-03-16 00:20:29', '2020-10-17 05:37:47', '2024-09-07 11:02:19', '2024-09-07 11:02:19', 0),
(73, 794, 8, 'Paid', '2020-11-13 22:18:56', '2018-12-24 10:50:01', '2024-09-07 11:02:19', '2024-09-07 11:02:19', 0),
(74, 791, 8, 'Cancel', '2018-08-01 11:17:11', NULL, '2024-09-07 11:02:19', '2024-09-07 11:02:19', 0),
(75, 610, 8, 'Cancel', '2015-11-03 14:27:27', NULL, '2024-09-07 11:02:19', '2024-09-07 11:02:19', 0),
(76, 131, 8, 'Cancel', '2016-11-06 15:13:03', NULL, '2024-09-07 11:02:19', '2024-09-07 11:02:19', 0),
(77, 659, 8, 'Cancel', '2020-03-05 21:48:10', NULL, '2024-09-07 11:02:19', '2024-09-07 11:02:19', 0),
(78, 456, 8, 'Billed', '2015-10-26 11:22:38', NULL, '2024-09-07 11:02:19', '2024-09-07 11:02:19', 0),
(79, 415, 8, 'Paid', '2018-04-05 09:45:05', '2015-03-18 13:56:29', '2024-09-07 11:02:19', '2024-09-07 11:02:19', 0),
(80, 127, 8, 'Paid', '2018-01-27 08:48:39', '2019-07-28 14:39:49', '2024-09-07 11:02:19', '2024-09-07 11:02:19', 0),
(81, 439, 9, 'Paid', '2015-02-01 11:33:33', '2021-07-26 06:41:23', '2024-09-07 11:02:19', '2024-09-07 11:02:19', 0),
(82, 927, 9, 'Paid', '2018-06-10 11:35:54', '2024-04-24 03:18:33', '2024-09-07 11:02:19', '2024-09-07 11:02:19', 0),
(83, 607, 9, 'Billed', '2017-05-02 15:42:58', NULL, '2024-09-07 11:02:19', '2024-09-07 11:02:19', 0),
(84, 585, 9, 'Paid', '2017-07-15 08:48:10', '2015-11-26 05:51:13', '2024-09-07 11:02:19', '2024-09-07 11:02:19', 0),
(85, 492, 9, 'Cancel', '2023-08-21 11:43:39', NULL, '2024-09-07 11:02:19', '2024-09-07 11:02:19', 0),
(86, 158, 9, 'Cancel', '2020-11-03 05:52:05', NULL, '2024-09-07 11:02:19', '2024-09-07 11:02:19', 0),
(87, 174, 9, 'Cancel', '2022-04-07 18:54:32', NULL, '2024-09-07 11:02:19', '2024-09-07 11:02:19', 0),
(88, 259, 9, 'Billed', '2019-07-28 13:23:53', NULL, '2024-09-07 11:02:19', '2024-09-07 11:02:19', 0),
(89, 187, 9, 'Billed', '2016-09-14 07:21:46', NULL, '2024-09-07 11:02:19', '2024-09-07 11:02:19', 0),
(90, 883, 9, 'Cancel', '2016-01-04 09:45:03', NULL, '2024-09-07 11:02:19', '2024-09-07 11:02:19', 0),
(91, 501, 10, 'Cancel', '2019-01-15 21:52:06', NULL, '2024-09-07 11:02:19', '2024-09-07 11:02:19', 0),
(92, 656, 10, 'Cancel', '2022-01-13 23:04:38', NULL, '2024-09-07 11:02:19', '2024-09-07 11:02:19', 0),
(93, 626, 10, 'Paid', '2022-01-24 03:39:41', '2020-10-04 02:37:54', '2024-09-07 11:02:19', '2024-09-07 11:02:19', 0),
(94, 821, 10, 'Paid', '2018-03-11 09:38:54', '2021-11-25 23:45:25', '2024-09-07 11:02:19', '2024-09-07 11:02:19', 0),
(95, 720, 10, 'Paid', '2023-04-30 21:58:20', '2022-10-02 05:08:03', '2024-09-07 11:02:19', '2024-09-07 11:02:19', 0),
(96, 491, 10, 'Cancel', '2019-09-01 18:50:16', NULL, '2024-09-07 11:02:19', '2024-09-07 11:02:19', 0),
(97, 466, 10, 'Paid', '2018-09-08 10:26:41', '2015-07-19 01:40:04', '2024-09-07 11:02:19', '2024-09-07 11:02:19', 0),
(98, 698, 10, 'Paid', '2018-06-27 11:30:01', '2015-11-03 00:19:58', '2024-09-07 11:02:19', '2024-09-07 11:02:19', 0),
(99, 413, 10, 'Billed', '2020-08-23 22:51:30', NULL, '2024-09-07 11:02:19', '2024-09-07 11:02:19', 0),
(100, 179, 10, 'Paid', '2019-07-18 07:01:23', '2022-11-28 23:27:52', '2024-09-07 11:02:19', '2024-09-07 11:02:19', 0),
(101, 899, 11, 'Cancel', '2016-03-06 21:19:43', NULL, '2024-09-07 11:02:19', '2024-09-07 11:02:19', 0),
(102, 255, 11, 'Paid', '2022-04-22 13:58:17', '2018-08-19 16:25:15', '2024-09-07 11:02:19', '2024-09-07 11:02:19', 0),
(103, 135, 11, 'Billed', '2018-01-15 12:37:37', NULL, '2024-09-07 11:02:19', '2024-09-07 11:02:19', 0),
(104, 971, 11, 'Billed', '2018-08-16 22:54:12', NULL, '2024-09-07 11:02:19', '2024-09-07 11:02:19', 0),
(105, 508, 11, 'Paid', '2018-04-15 06:54:46', '2016-09-10 17:36:41', '2024-09-07 11:02:19', '2024-09-07 11:02:19', 0),
(106, 788, 11, 'Cancel', '2024-05-17 06:02:19', NULL, '2024-09-07 11:02:19', '2024-09-07 11:02:19', 0),
(107, 767, 11, 'Cancel', '2021-09-08 01:37:02', NULL, '2024-09-07 11:02:19', '2024-09-07 11:02:19', 0),
(108, 579, 11, 'Paid', '2016-01-14 10:01:37', '2020-04-06 01:31:31', '2024-09-07 11:02:19', '2024-09-07 11:02:19', 0),
(109, 302, 11, 'Billed', '2022-09-15 18:52:13', NULL, '2024-09-07 11:02:19', '2024-09-07 11:02:19', 0),
(110, 862, 11, 'Cancel', '2015-04-29 05:27:57', NULL, '2024-09-07 11:02:19', '2024-09-07 11:02:19', 0),
(111, 558, 12, 'Paid', '2020-08-08 20:20:36', '2021-04-16 08:52:56', '2024-09-07 11:02:19', '2024-09-07 11:02:19', 0),
(112, 628, 12, 'Billed', '2021-11-20 14:45:29', NULL, '2024-09-07 11:02:19', '2024-09-07 11:02:19', 0),
(113, 358, 12, 'Cancel', '2020-06-14 22:01:57', NULL, '2024-09-07 11:02:19', '2024-09-07 11:02:19', 0),
(114, 259, 12, 'Billed', '2023-03-12 11:39:04', NULL, '2024-09-07 11:02:19', '2024-09-07 11:02:19', 0),
(115, 238, 12, 'Billed', '2019-03-26 21:14:05', NULL, '2024-09-07 11:02:19', '2024-09-07 11:02:19', 0),
(116, 114, 12, 'Cancel', '2024-06-22 03:28:25', NULL, '2024-09-07 11:02:19', '2024-09-07 11:02:19', 0),
(117, 653, 12, 'Paid', '2020-12-29 01:14:31', '2018-10-09 09:30:53', '2024-09-07 11:02:19', '2024-09-07 11:02:19', 0),
(118, 473, 12, 'Paid', '2024-01-01 15:11:05', '2019-09-05 20:38:01', '2024-09-07 11:02:19', '2024-09-07 11:02:19', 0),
(119, 621, 12, 'Cancel', '2021-01-19 11:56:52', NULL, '2024-09-07 11:02:19', '2024-09-07 11:02:19', 0),
(120, 490, 12, 'Paid', '2020-05-03 09:33:46', '2023-11-27 13:41:11', '2024-09-07 11:02:19', '2024-09-07 11:02:19', 0),
(121, 925, 13, 'Paid', '2024-04-16 04:42:35', '2020-09-14 17:35:50', '2024-09-07 11:02:19', '2024-09-07 11:02:19', 0),
(122, 821, 13, 'Paid', '2021-03-31 02:20:07', '2022-05-22 15:50:26', '2024-09-07 11:02:19', '2024-09-07 11:02:19', 0),
(123, 576, 13, 'Paid', '2020-04-07 20:15:58', '2021-10-22 07:45:32', '2024-09-07 11:02:19', '2024-09-07 11:02:19', 0),
(124, 815, 13, 'Cancel', '2021-01-03 04:31:09', NULL, '2024-09-07 11:02:19', '2024-09-07 11:02:19', 0),
(125, 728, 13, 'Cancel', '2016-03-07 23:14:42', NULL, '2024-09-07 11:02:19', '2024-09-07 11:02:19', 0),
(126, 862, 13, 'Cancel', '2023-01-22 05:19:03', NULL, '2024-09-07 11:02:19', '2024-09-07 11:02:19', 0),
(127, 277, 13, 'Billed', '2020-01-07 18:28:17', NULL, '2024-09-07 11:02:19', '2024-09-07 11:02:19', 0),
(128, 872, 13, 'Paid', '2021-10-12 02:15:14', '2018-09-02 10:09:21', '2024-09-07 11:02:19', '2024-09-07 11:02:19', 0),
(129, 710, 13, 'Billed', '2018-10-09 06:26:04', NULL, '2024-09-07 11:02:19', '2024-09-07 11:02:19', 0),
(130, 798, 13, 'Billed', '2017-08-09 00:18:57', NULL, '2024-09-07 11:02:19', '2024-09-07 11:02:19', 0),
(131, 935, 14, 'Cancel', '2016-03-26 15:23:15', NULL, '2024-09-07 11:02:19', '2024-09-07 11:02:19', 0),
(132, 519, 14, 'Billed', '2015-07-07 06:23:01', NULL, '2024-09-07 11:02:19', '2024-09-07 11:02:19', 0),
(133, 744, 14, 'Paid', '2015-11-27 23:02:44', '2018-05-13 20:10:38', '2024-09-07 11:02:19', '2024-09-07 11:02:19', 0),
(134, 322, 14, 'Paid', '2024-08-26 02:17:32', '2014-11-24 13:47:03', '2024-09-07 11:02:19', '2024-09-07 11:02:19', 0),
(135, 869, 14, 'Cancel', '2016-07-04 02:54:40', NULL, '2024-09-07 11:02:19', '2024-09-07 11:02:19', 0),
(136, 425, 14, 'Billed', '2023-10-12 17:46:51', NULL, '2024-09-07 11:02:19', '2024-09-07 11:02:19', 0),
(137, 406, 14, 'Cancel', '2023-02-27 13:43:57', NULL, '2024-09-07 11:02:19', '2024-09-07 11:02:19', 0),
(138, 615, 14, 'Paid', '2014-09-18 03:14:02', '2016-05-10 20:48:32', '2024-09-07 11:02:19', '2024-09-07 11:02:19', 0),
(139, 841, 14, 'Paid', '2015-12-12 03:41:10', '2023-06-14 19:33:23', '2024-09-07 11:02:19', '2024-09-07 11:02:19', 0),
(140, 995, 14, 'Paid', '2020-02-19 15:33:14', '2023-10-30 12:41:29', '2024-09-07 11:02:19', '2024-09-07 11:02:19', 0),
(141, 965, 15, 'Billed', '2019-07-20 06:09:31', NULL, '2024-09-07 11:02:19', '2024-09-07 11:02:19', 0),
(142, 185, 15, 'Cancel', '2023-01-08 00:14:05', NULL, '2024-09-07 11:02:19', '2024-09-07 11:02:19', 0),
(143, 477, 15, 'Paid', '2020-03-09 19:42:13', '2019-01-14 09:12:45', '2024-09-07 11:02:19', '2024-09-07 11:02:19', 0),
(144, 578, 15, 'Cancel', '2017-06-16 00:13:19', NULL, '2024-09-07 11:02:19', '2024-09-07 11:02:19', 0),
(145, 783, 15, 'Billed', '2016-03-21 14:04:09', NULL, '2024-09-07 11:02:19', '2024-09-07 11:02:19', 0),
(146, 685, 15, 'Cancel', '2018-09-26 08:24:47', NULL, '2024-09-07 11:02:19', '2024-09-07 11:02:19', 0),
(147, 320, 15, 'Paid', '2015-10-20 03:18:58', '2015-10-22 08:04:36', '2024-09-07 11:02:19', '2024-09-07 11:02:19', 0),
(148, 314, 15, 'Billed', '2023-05-29 16:04:34', NULL, '2024-09-07 11:02:19', '2024-09-07 11:02:19', 0),
(149, 439, 15, 'Paid', '2022-12-15 10:32:08', '2020-05-16 18:43:53', '2024-09-07 11:02:19', '2024-09-07 11:02:19', 0),
(150, 568, 15, 'Paid', '2015-05-30 20:13:50', '2019-11-08 10:55:09', '2024-09-07 11:02:19', '2024-09-07 11:02:19', 0),
(151, 361, 16, 'Cancel', '2014-12-15 07:02:57', NULL, '2024-09-07 11:02:19', '2024-09-07 11:02:19', 0),
(152, 904, 16, 'Billed', '2023-01-19 09:23:18', NULL, '2024-09-07 11:02:19', '2024-09-07 11:02:19', 0),
(153, 221, 16, 'Paid', '2024-02-28 05:12:28', '2015-12-03 01:28:52', '2024-09-07 11:02:19', '2024-09-07 11:02:19', 0),
(154, 490, 16, 'Cancel', '2022-12-16 20:18:09', NULL, '2024-09-07 11:02:19', '2024-09-07 11:02:19', 0),
(155, 654, 16, 'Paid', '2021-01-01 19:09:08', '2015-06-17 20:30:25', '2024-09-07 11:02:19', '2024-09-07 11:02:19', 0),
(156, 995, 16, 'Paid', '2015-02-16 04:16:59', '2018-07-07 08:44:04', '2024-09-07 11:02:19', '2024-09-07 11:02:19', 0),
(157, 819, 16, 'Billed', '2019-11-22 19:13:33', NULL, '2024-09-07 11:02:19', '2024-09-07 11:02:19', 0),
(158, 583, 16, 'Billed', '2018-04-25 21:00:58', NULL, '2024-09-07 11:02:19', '2024-09-07 11:02:19', 0),
(159, 394, 16, 'Paid', '2016-07-23 22:09:04', '2024-05-19 02:08:57', '2024-09-07 11:02:19', '2024-09-07 11:02:19', 0),
(160, 164, 16, 'Paid', '2016-07-22 21:11:04', '2020-09-30 13:52:21', '2024-09-07 11:02:19', '2024-09-07 11:02:19', 0),
(161, 189, 17, 'Billed', '2014-12-20 09:49:36', NULL, '2024-09-07 11:02:19', '2024-09-07 11:02:19', 0),
(162, 392, 17, 'Paid', '2020-05-21 00:56:58', '2020-03-29 04:22:05', '2024-09-07 11:02:19', '2024-09-07 11:02:19', 0),
(163, 157, 17, 'Cancel', '2023-07-14 20:53:12', NULL, '2024-09-07 11:02:19', '2024-09-07 11:02:19', 0),
(164, 467, 17, 'Paid', '2015-01-01 00:07:18', '2016-06-28 22:49:53', '2024-09-07 11:02:19', '2024-09-07 11:02:19', 0),
(165, 376, 17, 'Cancel', '2014-10-05 03:13:31', NULL, '2024-09-07 11:02:19', '2024-09-07 11:02:19', 0),
(166, 188, 17, 'Cancel', '2016-06-26 05:57:51', NULL, '2024-09-07 11:02:19', '2024-09-07 11:02:19', 0),
(167, 477, 17, 'Paid', '2020-08-03 14:41:44', '2017-11-19 16:18:18', '2024-09-07 11:02:19', '2024-09-07 11:02:19', 0),
(168, 316, 17, 'Paid', '2024-01-28 23:58:01', '2014-12-13 00:07:13', '2024-09-07 11:02:19', '2024-09-07 11:02:19', 0),
(169, 904, 17, 'Cancel', '2020-12-21 23:31:29', NULL, '2024-09-07 11:02:19', '2024-09-07 11:02:19', 0),
(170, 632, 17, 'Cancel', '2022-04-21 07:00:30', NULL, '2024-09-07 11:02:19', '2024-09-07 11:02:19', 0),
(171, 396, 18, 'Cancel', '2023-08-06 06:18:16', NULL, '2024-09-07 11:02:19', '2024-09-07 11:02:19', 0),
(172, 994, 18, 'Paid', '2017-08-20 09:40:03', '2022-12-24 11:41:18', '2024-09-07 11:02:19', '2024-09-07 11:02:19', 0),
(173, 479, 18, 'Billed', '2021-08-08 19:21:15', NULL, '2024-09-07 11:02:19', '2024-09-07 11:02:19', 0),
(174, 779, 18, 'Cancel', '2023-11-15 21:09:13', NULL, '2024-09-07 11:02:19', '2024-09-07 11:02:19', 0),
(175, 970, 18, 'Billed', '2024-03-20 16:05:57', NULL, '2024-09-07 11:02:19', '2024-09-07 11:02:19', 0),
(176, 137, 18, 'Cancel', '2022-09-03 12:58:02', NULL, '2024-09-07 11:02:19', '2024-09-07 11:02:19', 0),
(177, 486, 18, 'Cancel', '2020-04-18 23:17:21', NULL, '2024-09-07 11:02:19', '2024-09-07 11:02:19', 0),
(178, 136, 18, 'Cancel', '2021-06-29 19:28:08', NULL, '2024-09-07 11:02:19', '2024-09-07 11:02:19', 0),
(179, 204, 18, 'Paid', '2020-02-13 22:34:26', '2021-04-19 03:07:10', '2024-09-07 11:02:19', '2024-09-07 11:02:19', 0),
(180, 427, 18, 'Paid', '2016-11-04 02:21:13', '2023-02-02 09:42:48', '2024-09-07 11:02:19', '2024-09-07 11:02:19', 0),
(181, 686, 19, 'Cancel', '2020-12-20 17:14:43', NULL, '2024-09-07 11:02:19', '2024-09-07 11:02:19', 0),
(182, 303, 19, 'Paid', '2015-04-28 04:41:02', '2023-09-06 07:33:59', '2024-09-07 11:02:19', '2024-09-07 11:02:19', 0),
(183, 809, 19, 'Cancel', '2015-05-13 22:05:23', NULL, '2024-09-07 11:02:19', '2024-09-07 11:02:19', 0),
(184, 909, 19, 'Billed', '2014-11-19 14:14:29', NULL, '2024-09-07 11:02:19', '2024-09-07 11:02:19', 0),
(185, 208, 19, 'Paid', '2022-10-19 04:54:40', '2022-11-24 12:33:50', '2024-09-07 11:02:19', '2024-09-07 11:02:19', 0),
(186, 899, 19, 'Paid', '2016-06-27 02:01:53', '2021-05-11 05:17:12', '2024-09-07 11:02:19', '2024-09-07 11:02:19', 0),
(187, 111, 19, 'Cancel', '2017-07-05 12:54:47', NULL, '2024-09-07 11:02:19', '2024-09-07 11:02:19', 0),
(188, 335, 19, 'Paid', '2016-02-24 14:00:33', '2019-07-18 12:26:18', '2024-09-07 11:02:19', '2024-09-07 11:02:19', 0),
(189, 928, 19, 'Cancel', '2018-07-09 18:11:09', NULL, '2024-09-07 11:02:19', '2024-09-07 11:02:19', 0),
(190, 230, 19, 'Paid', '2017-12-13 02:00:34', '2017-10-22 10:55:51', '2024-09-07 11:02:19', '2024-09-07 11:02:19', 0),
(191, 921, 20, 'Cancel', '2015-05-26 04:29:49', NULL, '2024-09-07 11:02:19', '2024-09-07 11:02:19', 0),
(192, 492, 20, 'Cancel', '2021-02-22 21:50:09', NULL, '2024-09-07 11:02:19', '2024-09-07 11:02:19', 0),
(193, 241, 20, 'Billed', '2022-07-02 02:12:55', NULL, '2024-09-07 11:02:19', '2024-09-07 11:02:19', 0),
(194, 156, 20, 'Paid', '2020-12-14 21:37:06', '2020-07-03 11:09:53', '2024-09-07 11:02:19', '2024-09-07 11:02:19', 0),
(195, 571, 20, 'Cancel', '2015-06-20 01:02:13', NULL, '2024-09-07 11:02:19', '2024-09-07 11:02:19', 0),
(196, 413, 20, 'Paid', '2018-01-22 03:07:04', '2021-04-24 06:00:25', '2024-09-07 11:02:19', '2024-09-07 11:02:19', 0),
(197, 795, 20, 'Billed', '2018-11-11 01:08:15', NULL, '2024-09-07 11:02:19', '2024-09-07 11:02:19', 0),
(198, 288, 20, 'Cancel', '2023-03-31 18:36:31', NULL, '2024-09-07 11:02:19', '2024-09-07 11:02:19', 0),
(199, 418, 20, 'Billed', '2022-07-04 21:07:03', NULL, '2024-09-07 11:02:19', '2024-09-07 11:02:19', 0),
(200, 711, 20, 'Cancel', '2018-03-16 16:40:44', NULL, '2024-09-07 11:02:19', '2024-09-07 11:02:19', 0),
(201, 213, 21, 'Paid', '2020-10-11 19:24:06', '2018-05-14 14:26:13', '2024-09-07 11:02:19', '2024-09-07 11:02:19', 0),
(202, 510, 21, 'Billed', '2018-03-06 04:51:54', NULL, '2024-09-07 11:02:19', '2024-09-07 11:02:19', 0),
(203, 723, 21, 'Paid', '2024-03-10 16:41:14', '2022-11-06 13:47:39', '2024-09-07 11:02:19', '2024-09-07 11:02:19', 0),
(204, 691, 21, 'Billed', '2023-09-19 02:06:18', NULL, '2024-09-07 11:02:19', '2024-09-07 11:02:19', 0),
(205, 949, 21, 'Cancel', '2020-09-18 03:59:41', NULL, '2024-09-07 11:02:19', '2024-09-07 11:02:19', 0),
(206, 905, 21, 'Billed', '2019-04-07 05:33:29', NULL, '2024-09-07 11:02:19', '2024-09-07 11:02:19', 0),
(207, 173, 21, 'Billed', '2015-08-11 08:25:28', NULL, '2024-09-07 11:02:19', '2024-09-07 11:02:19', 0),
(208, 546, 21, 'Billed', '2023-08-31 20:21:20', NULL, '2024-09-07 11:02:19', '2024-09-07 11:02:19', 0),
(209, 943, 21, 'Billed', '2020-05-21 22:01:16', NULL, '2024-09-07 11:02:19', '2024-09-07 11:02:19', 0),
(210, 136, 21, 'Cancel', '2016-02-11 10:03:43', NULL, '2024-09-07 11:02:19', '2024-09-07 11:02:19', 0),
(211, 798, 22, 'Cancel', '2016-12-03 19:41:19', NULL, '2024-09-07 11:02:19', '2024-09-07 11:02:19', 0),
(212, 637, 22, 'Cancel', '2020-07-02 19:25:05', NULL, '2024-09-07 11:02:19', '2024-09-07 11:02:19', 0),
(213, 979, 22, 'Paid', '2022-08-22 07:15:51', '2022-12-09 23:08:22', '2024-09-07 11:02:20', '2024-09-07 11:02:20', 0),
(214, 997, 22, 'Billed', '2018-02-28 23:27:35', NULL, '2024-09-07 11:02:20', '2024-09-07 11:02:20', 0),
(215, 970, 22, 'Billed', '2022-11-30 14:25:17', NULL, '2024-09-07 11:02:20', '2024-09-07 11:02:20', 0),
(216, 576, 22, 'Billed', '2023-11-17 11:34:43', NULL, '2024-09-07 11:02:20', '2024-09-07 11:02:20', 0),
(217, 420, 22, 'Paid', '2017-07-20 06:17:44', '2015-12-20 22:26:37', '2024-09-07 11:02:20', '2024-09-07 11:02:20', 0),
(218, 506, 22, 'Paid', '2018-01-05 17:02:36', '2021-06-07 07:26:14', '2024-09-07 11:02:20', '2024-09-07 11:02:20', 0),
(219, 763, 22, 'Cancel', '2015-05-17 01:03:22', NULL, '2024-09-07 11:02:20', '2024-09-07 11:02:20', 0),
(220, 774, 22, 'Billed', '2014-11-03 15:29:01', NULL, '2024-09-07 11:02:20', '2024-09-07 11:02:20', 0),
(221, 664, 23, 'Paid', '2017-02-13 06:46:27', '2016-10-19 13:08:53', '2024-09-07 11:02:20', '2024-09-07 11:02:20', 0),
(222, 796, 23, 'Cancel', '2014-10-25 02:29:57', NULL, '2024-09-07 11:02:20', '2024-09-07 11:02:20', 0),
(223, 192, 23, 'Billed', '2016-07-29 13:00:23', NULL, '2024-09-07 11:02:20', '2024-09-07 11:02:20', 0),
(224, 327, 23, 'Cancel', '2015-09-04 19:46:06', NULL, '2024-09-07 11:02:20', '2024-09-07 11:02:20', 0),
(225, 599, 23, 'Paid', '2017-04-10 17:49:09', '2021-05-30 09:20:33', '2024-09-07 11:02:20', '2024-09-07 11:02:20', 0),
(226, 306, 23, 'Cancel', '2018-02-11 11:15:16', NULL, '2024-09-07 11:02:20', '2024-09-07 11:02:20', 0),
(227, 485, 23, 'Billed', '2018-04-02 07:44:14', NULL, '2024-09-07 11:02:20', '2024-09-07 11:02:20', 0),
(228, 880, 23, 'Paid', '2022-08-03 16:52:14', '2018-02-27 19:03:22', '2024-09-07 11:02:20', '2024-09-07 11:02:20', 0),
(229, 177, 23, 'Billed', '2019-09-08 21:56:11', NULL, '2024-09-07 11:02:20', '2024-09-07 11:02:20', 0),
(230, 434, 23, 'Billed', '2016-09-18 06:31:34', NULL, '2024-09-07 11:02:20', '2024-09-07 11:02:20', 0),
(231, 568, 24, 'Cancel', '2015-07-31 23:23:08', NULL, '2024-09-07 11:02:20', '2024-09-07 11:02:20', 0),
(232, 313, 24, 'Paid', '2019-10-02 11:04:30', '2015-04-22 03:03:26', '2024-09-07 11:02:20', '2024-09-07 11:02:20', 0),
(233, 160, 24, 'Paid', '2014-09-18 04:13:34', '2018-10-21 08:05:11', '2024-09-07 11:02:20', '2024-09-07 11:02:20', 0),
(234, 601, 24, 'Cancel', '2021-09-16 09:47:58', NULL, '2024-09-07 11:02:20', '2024-09-07 11:02:20', 0),
(235, 271, 24, 'Billed', '2023-06-01 01:52:50', NULL, '2024-09-07 11:02:20', '2024-09-07 11:02:20', 0),
(236, 727, 24, 'Billed', '2023-01-21 18:07:32', NULL, '2024-09-07 11:02:20', '2024-09-07 11:02:20', 0),
(237, 195, 24, 'Paid', '2024-02-12 00:09:32', '2020-11-22 10:22:09', '2024-09-07 11:02:20', '2024-09-07 11:02:20', 0),
(238, 752, 24, 'Billed', '2018-07-05 09:09:13', NULL, '2024-09-07 11:02:20', '2024-09-07 11:02:20', 0),
(239, 452, 24, 'Billed', '2017-02-17 05:07:06', NULL, '2024-09-07 11:02:20', '2024-09-07 11:02:20', 0),
(240, 252, 24, 'Cancel', '2014-12-24 01:38:06', NULL, '2024-09-07 11:02:20', '2024-09-07 11:02:20', 0),
(241, 515, 25, 'Paid', '2019-10-09 11:12:32', '2016-01-01 03:22:04', '2024-09-07 11:02:20', '2024-09-07 11:02:20', 0),
(242, 610, 25, 'Cancel', '2017-09-14 19:32:28', NULL, '2024-09-07 11:02:20', '2024-09-07 11:02:20', 0),
(243, 161, 25, 'Paid', '2015-12-29 01:32:40', '2015-07-26 01:26:09', '2024-09-07 11:02:20', '2024-09-07 11:02:20', 0),
(244, 594, 25, 'Cancel', '2024-05-15 14:43:13', NULL, '2024-09-07 11:02:20', '2024-09-07 11:02:20', 0),
(245, 880, 25, 'Billed', '2017-04-20 02:29:33', NULL, '2024-09-07 11:02:20', '2024-09-07 11:02:20', 0),
(246, 763, 25, 'Billed', '2016-07-15 17:27:25', NULL, '2024-09-07 11:02:20', '2024-09-07 11:02:20', 0),
(247, 913, 25, 'Cancel', '2014-09-10 22:14:54', NULL, '2024-09-07 11:02:20', '2024-09-07 11:02:20', 0),
(248, 518, 25, 'Paid', '2023-05-22 17:50:41', '2017-01-08 17:37:23', '2024-09-07 11:02:20', '2024-09-07 11:02:20', 0),
(249, 404, 25, 'Paid', '2024-06-30 05:46:14', '2017-03-01 18:55:42', '2024-09-07 11:02:20', '2024-09-07 11:02:20', 0),
(250, 453, 25, 'Billed', '2018-10-28 05:05:47', NULL, '2024-09-07 11:02:20', '2024-09-07 11:02:20', 0),
(251, 330, 26, 'Paid', '2018-01-22 05:33:05', '2019-10-13 20:54:13', '2024-09-07 11:02:20', '2024-09-07 11:02:20', 0),
(252, 434, 26, 'Billed', '2019-09-21 06:37:37', NULL, '2024-09-07 11:02:20', '2024-09-07 11:02:20', 0),
(253, 913, 26, 'Paid', '2019-07-03 13:20:48', '2019-12-26 11:25:57', '2024-09-07 11:02:20', '2024-09-07 11:02:20', 0),
(254, 712, 26, 'Billed', '2021-06-30 19:21:07', NULL, '2024-09-07 11:02:20', '2024-09-07 11:02:20', 0),
(255, 413, 26, 'Cancel', '2017-10-01 08:30:26', NULL, '2024-09-07 11:02:20', '2024-09-07 11:02:20', 0),
(256, 746, 27, 'Billed', '2018-02-04 03:57:27', NULL, '2024-09-07 11:02:20', '2024-09-07 11:02:20', 0),
(257, 789, 27, 'Cancel', '2020-04-22 06:01:37', NULL, '2024-09-07 11:02:20', '2024-09-07 11:02:20', 0),
(258, 585, 27, 'Billed', '2019-11-27 14:07:54', NULL, '2024-09-07 11:02:20', '2024-09-07 11:02:20', 0),
(259, 716, 27, 'Billed', '2017-02-24 09:40:23', NULL, '2024-09-07 11:02:20', '2024-09-07 11:02:20', 0),
(260, 650, 27, 'Cancel', '2021-11-16 16:58:58', NULL, '2024-09-07 11:02:20', '2024-09-07 11:02:20', 0),
(261, 987, 28, 'Billed', '2023-05-23 10:13:31', NULL, '2024-09-07 11:02:20', '2024-09-07 11:02:20', 0),
(262, 460, 28, 'Billed', '2017-06-26 05:22:21', NULL, '2024-09-07 11:02:20', '2024-09-07 11:02:20', 0),
(263, 805, 28, 'Paid', '2019-11-13 18:48:50', '2017-05-18 10:36:42', '2024-09-07 11:02:20', '2024-09-07 11:02:20', 0),
(264, 951, 28, 'Cancel', '2019-08-16 14:41:44', NULL, '2024-09-07 11:02:20', '2024-09-07 11:02:20', 0),
(265, 595, 28, 'Paid', '2018-03-13 12:01:06', '2020-02-05 23:20:26', '2024-09-07 11:02:20', '2024-09-07 11:02:20', 0),
(266, 381, 29, 'Billed', '2020-03-07 16:12:30', NULL, '2024-09-07 11:02:20', '2024-09-07 11:02:20', 0),
(267, 323, 29, 'Paid', '2019-04-11 20:15:16', '2017-12-19 11:00:53', '2024-09-07 11:02:20', '2024-09-07 11:02:20', 0),
(268, 826, 29, 'Billed', '2021-03-06 08:34:00', NULL, '2024-09-07 11:02:20', '2024-09-07 11:02:20', 0),
(269, 350, 29, 'Billed', '2020-07-21 05:55:18', NULL, '2024-09-07 11:02:20', '2024-09-07 11:02:20', 0),
(270, 910, 29, 'Billed', '2017-03-10 15:37:08', NULL, '2024-09-07 11:02:20', '2024-09-07 11:02:20', 0),
(271, 544, 30, 'Cancel', '2015-05-28 17:51:13', NULL, '2024-09-07 11:02:20', '2024-09-07 11:02:20', 0),
(272, 888, 30, 'Paid', '2019-11-13 11:34:58', '2022-10-30 04:34:26', '2024-09-07 11:02:20', '2024-09-07 11:02:20', 0),
(273, 118, 30, 'Billed', '2016-05-14 15:37:28', NULL, '2024-09-07 11:02:20', '2024-09-07 11:02:20', 0),
(274, 935, 30, 'Paid', '2021-07-11 11:26:38', '2022-04-11 22:28:01', '2024-09-07 11:02:20', '2024-09-07 11:02:20', 0),
(275, 433, 30, 'Paid', '2017-09-12 11:40:52', '2018-07-19 04:47:07', '2024-09-07 11:02:20', '2024-09-07 11:02:20', 0),
(276, 344, 31, 'Paid', '2022-01-26 15:34:44', '2018-03-26 20:13:05', '2024-09-07 11:02:20', '2024-09-07 11:02:20', 0),
(277, 304, 31, 'Billed', '2023-07-10 13:48:56', NULL, '2024-09-07 11:02:20', '2024-09-07 11:02:20', 0),
(278, 234, 31, 'Paid', '2022-11-29 16:39:09', '2024-05-29 08:15:03', '2024-09-07 11:02:20', '2024-09-07 11:02:20', 0),
(279, 889, 31, 'Paid', '2016-11-26 02:06:55', '2021-11-05 06:36:15', '2024-09-07 11:02:20', '2024-09-07 11:02:20', 0),
(280, 175, 31, 'Paid', '2022-04-09 10:45:57', '2020-04-16 01:27:01', '2024-09-07 11:02:20', '2024-09-07 11:02:20', 0),
(281, 333, 32, 'Billed', '2023-09-28 10:14:23', NULL, '2024-09-07 11:02:20', '2024-09-07 11:02:20', 0),
(282, 745, 32, 'Cancel', '2017-12-22 23:35:46', NULL, '2024-09-07 11:02:20', '2024-09-07 11:02:20', 0),
(283, 415, 32, 'Cancel', '2016-08-25 12:29:08', NULL, '2024-09-07 11:02:20', '2024-09-07 11:02:20', 0),
(284, 232, 32, 'Paid', '2016-07-25 17:04:54', '2017-06-28 21:52:08', '2024-09-07 11:02:20', '2024-09-07 11:02:20', 0),
(285, 935, 32, 'Cancel', '2017-01-15 06:00:46', NULL, '2024-09-07 11:02:20', '2024-09-07 11:02:20', 0),
(286, 250, 33, 'Billed', '2022-01-19 10:21:04', NULL, '2024-09-07 11:02:20', '2024-09-07 11:02:20', 0),
(287, 600, 33, 'Cancel', '2016-10-21 08:47:59', NULL, '2024-09-07 11:02:20', '2024-09-07 11:02:20', 0),
(288, 825, 33, 'Cancel', '2020-04-06 13:51:43', NULL, '2024-09-07 11:02:20', '2024-09-07 11:02:20', 0),
(289, 626, 33, 'Billed', '2022-09-07 02:27:59', NULL, '2024-09-07 11:02:20', '2024-09-07 11:02:20', 0),
(290, 713, 33, 'Cancel', '2022-04-08 20:21:26', NULL, '2024-09-07 11:02:20', '2024-09-07 11:02:20', 0),
(291, 886, 34, 'Billed', '2022-06-01 00:16:19', NULL, '2024-09-07 11:02:20', '2024-09-07 11:02:20', 0),
(292, 655, 34, 'Paid', '2016-11-29 02:40:40', '2016-11-09 14:49:51', '2024-09-07 11:02:20', '2024-09-07 11:02:20', 0),
(293, 826, 34, 'Billed', '2024-02-23 23:03:03', NULL, '2024-09-07 11:02:20', '2024-09-07 11:02:20', 0),
(294, 543, 34, 'Paid', '2016-07-25 02:18:15', '2022-04-23 08:02:13', '2024-09-07 11:02:20', '2024-09-07 11:02:20', 0),
(295, 603, 34, 'Paid', '2022-06-21 18:08:01', '2024-07-02 20:57:06', '2024-09-07 11:02:20', '2024-09-07 11:02:20', 0),
(296, 436, 35, 'Cancel', '2020-04-08 21:32:54', NULL, '2024-09-07 11:02:20', '2024-09-07 11:02:20', 0),
(297, 339, 35, 'Cancel', '2015-12-19 19:06:37', NULL, '2024-09-07 11:02:20', '2024-09-07 11:02:20', 0),
(298, 623, 35, 'Cancel', '2015-04-30 03:37:33', NULL, '2024-09-07 11:02:20', '2024-09-07 11:02:20', 0),
(299, 493, 35, 'Paid', '2016-08-18 18:20:14', '2023-11-05 16:24:32', '2024-09-07 11:02:20', '2024-09-07 11:02:20', 0),
(300, 673, 35, 'Paid', '2015-07-09 11:59:49', '2022-08-10 17:21:19', '2024-09-07 11:02:20', '2024-09-07 11:02:20', 0),
(301, 909, 36, 'Paid', '2016-03-04 23:30:10', '2022-02-20 01:34:47', '2024-09-07 11:02:20', '2024-09-07 11:02:20', 0),
(302, 355, 36, 'Paid', '2023-03-21 12:29:49', '2020-10-13 07:03:02', '2024-09-07 11:02:20', '2024-09-07 11:02:20', 0),
(303, 723, 36, 'Billed', '2016-07-26 19:55:33', NULL, '2024-09-07 11:02:20', '2024-09-07 11:02:20', 0),
(304, 472, 36, 'Billed', '2022-10-24 02:51:53', NULL, '2024-09-07 11:02:20', '2024-09-07 11:02:20', 0),
(305, 449, 36, 'Billed', '2022-05-27 23:24:52', NULL, '2024-09-07 11:02:20', '2024-09-07 11:02:20', 0),
(306, 384, 37, 'Paid', '2015-07-04 10:21:47', '2024-04-23 13:10:57', '2024-09-07 11:02:20', '2024-09-07 11:02:20', 0),
(307, 164, 37, 'Paid', '2016-08-10 16:15:36', '2018-10-20 19:30:52', '2024-09-07 11:02:20', '2024-09-07 11:02:20', 0),
(308, 217, 37, 'Paid', '2021-06-14 05:52:42', '2023-08-12 08:09:29', '2024-09-07 11:02:20', '2024-09-07 11:02:20', 0),
(309, 503, 37, 'Paid', '2018-04-26 07:28:45', '2021-08-11 09:52:02', '2024-09-07 11:02:20', '2024-09-07 11:02:20', 0),
(310, 413, 37, 'Billed', '2018-08-26 09:34:03', NULL, '2024-09-07 11:02:20', '2024-09-07 11:02:20', 0),
(311, 753, 38, 'Cancel', '2017-01-22 00:52:48', NULL, '2024-09-07 11:02:20', '2024-09-07 11:02:20', 0),
(312, 256, 38, 'Cancel', '2016-11-27 00:54:55', NULL, '2024-09-07 11:02:20', '2024-09-07 11:02:20', 0),
(313, 958, 38, 'Paid', '2016-10-02 18:26:06', '2024-01-15 04:43:26', '2024-09-07 11:02:20', '2024-09-07 11:02:20', 0),
(314, 733, 38, 'Paid', '2020-03-06 23:39:24', '2018-04-24 08:13:01', '2024-09-07 11:02:20', '2024-09-07 11:02:20', 0),
(315, 935, 38, 'Cancel', '2015-09-13 12:27:57', NULL, '2024-09-07 11:02:20', '2024-09-07 11:02:20', 0),
(316, 795, 39, 'Paid', '2018-07-18 22:03:58', '2018-02-24 11:47:52', '2024-09-07 11:02:20', '2024-09-07 11:02:20', 0),
(317, 720, 39, 'Billed', '2016-07-01 15:06:48', NULL, '2024-09-07 11:02:20', '2024-09-07 11:02:20', 0),
(318, 751, 39, 'Cancel', '2019-11-17 08:56:30', NULL, '2024-09-07 11:02:20', '2024-09-07 11:02:20', 0),
(319, 520, 39, 'Cancel', '2020-04-02 20:53:56', NULL, '2024-09-07 11:02:20', '2024-09-07 11:02:20', 0),
(320, 550, 39, 'Paid', '2015-02-16 11:44:10', '2020-11-02 21:04:08', '2024-09-07 11:02:20', '2024-09-07 11:02:20', 0),
(321, 270, 40, 'Paid', '2018-05-05 09:48:10', '2023-06-07 18:45:26', '2024-09-07 11:02:20', '2024-09-07 11:02:20', 0),
(322, 853, 40, 'Cancel', '2022-04-12 11:23:41', NULL, '2024-09-07 11:02:20', '2024-09-07 11:02:20', 0),
(323, 212, 40, 'Billed', '2021-06-18 01:14:21', NULL, '2024-09-07 11:02:20', '2024-09-07 11:02:20', 0),
(324, 560, 40, 'Cancel', '2022-04-11 10:51:27', NULL, '2024-09-07 11:02:20', '2024-09-07 11:02:20', 0),
(325, 154, 40, 'Cancel', '2024-02-24 05:52:03', NULL, '2024-09-07 11:02:20', '2024-09-07 11:02:20', 0),
(326, 675, 41, 'Cancel', '2015-02-25 09:09:33', NULL, '2024-09-07 11:02:20', '2024-09-07 11:02:20', 0),
(327, 198, 41, 'Paid', '2015-04-09 03:51:36', '2021-08-20 20:48:12', '2024-09-07 11:02:20', '2024-09-07 11:02:20', 0),
(328, 627, 41, 'Paid', '2022-04-04 20:18:14', '2023-05-26 03:05:16', '2024-09-07 11:02:20', '2024-09-07 11:02:20', 0),
(329, 831, 41, 'Cancel', '2021-08-19 06:37:50', NULL, '2024-09-07 11:02:20', '2024-09-07 11:02:20', 0),
(330, 174, 41, 'Cancel', '2017-08-04 20:06:11', NULL, '2024-09-07 11:02:20', '2024-09-07 11:02:20', 0),
(331, 361, 42, 'Cancel', '2020-11-12 02:45:41', NULL, '2024-09-07 11:02:20', '2024-09-07 11:02:20', 0),
(332, 400, 42, 'Paid', '2016-11-04 02:34:14', '2016-11-14 06:01:45', '2024-09-07 11:02:20', '2024-09-07 11:02:20', 0),
(333, 514, 42, 'Billed', '2020-12-02 01:33:41', NULL, '2024-09-07 11:02:20', '2024-09-07 11:02:20', 0),
(334, 251, 42, 'Cancel', '2024-02-03 18:05:36', NULL, '2024-09-07 11:02:20', '2024-09-07 11:02:20', 0),
(335, 127, 42, 'Cancel', '2015-07-18 14:19:03', NULL, '2024-09-07 11:02:20', '2024-09-07 11:02:20', 0),
(336, 707, 43, 'Paid', '2023-02-07 21:24:08', '2023-09-17 18:35:29', '2024-09-07 11:02:20', '2024-09-07 11:02:20', 0),
(337, 268, 43, 'Billed', '2023-07-15 21:53:37', NULL, '2024-09-07 11:02:20', '2024-09-07 11:02:20', 0),
(338, 269, 43, 'Paid', '2023-10-06 15:00:18', '2024-07-09 13:50:17', '2024-09-07 11:02:20', '2024-09-07 11:02:20', 0),
(339, 814, 43, 'Paid', '2017-10-18 07:24:50', '2022-04-28 09:31:34', '2024-09-07 11:02:20', '2024-09-07 11:02:20', 0),
(340, 118, 43, 'Paid', '2024-05-09 07:44:21', '2021-08-05 02:00:19', '2024-09-07 11:02:20', '2024-09-07 11:02:20', 0),
(341, 987, 44, 'Cancel', '2016-02-06 16:56:00', NULL, '2024-09-07 11:02:20', '2024-09-07 11:02:20', 0),
(342, 242, 44, 'Paid', '2022-12-11 04:30:42', '2016-12-07 18:40:51', '2024-09-07 11:02:20', '2024-09-07 11:02:20', 0),
(343, 122, 44, 'Billed', '2019-05-14 12:00:45', NULL, '2024-09-07 11:02:20', '2024-09-07 11:02:20', 0),
(344, 425, 44, 'Paid', '2018-02-24 02:28:12', '2020-01-30 07:31:04', '2024-09-07 11:02:20', '2024-09-07 11:02:20', 0),
(345, 323, 44, 'Billed', '2020-02-01 14:25:14', NULL, '2024-09-07 11:02:20', '2024-09-07 11:02:20', 0),
(346, 477, 45, 'Paid', '2021-02-17 05:43:22', '2022-05-30 02:10:43', '2024-09-07 11:02:20', '2024-09-07 11:02:20', 0),
(347, 994, 45, 'Billed', '2021-03-11 01:58:35', NULL, '2024-09-07 11:02:20', '2024-09-07 11:02:20', 0),
(348, 210, 45, 'Billed', '2018-01-21 10:29:04', NULL, '2024-09-07 11:02:20', '2024-09-07 11:02:20', 0),
(349, 789, 45, 'Paid', '2022-07-25 08:50:47', '2023-04-06 05:46:02', '2024-09-07 11:02:20', '2024-09-07 11:02:20', 0),
(350, 361, 45, 'Cancel', '2018-08-30 00:41:53', NULL, '2024-09-07 11:02:20', '2024-09-07 11:02:20', 0),
(351, 620, 46, 'Billed', '2015-07-04 12:32:38', NULL, '2024-09-07 11:02:20', '2024-09-07 11:02:20', 0),
(352, 508, 46, 'Paid', '2019-06-05 03:04:23', '2023-11-15 07:07:35', '2024-09-07 11:02:20', '2024-09-07 11:02:20', 0),
(353, 909, 46, 'Paid', '2022-06-01 05:45:48', '2019-06-24 03:50:45', '2024-09-07 11:02:20', '2024-09-07 11:02:20', 0),
(354, 176, 46, 'Cancel', '2023-09-28 03:16:50', NULL, '2024-09-07 11:02:20', '2024-09-07 11:02:20', 0),
(355, 442, 46, 'Billed', '2019-07-02 16:23:30', NULL, '2024-09-07 11:02:20', '2024-09-07 11:02:20', 0),
(356, 387, 47, 'Paid', '2023-07-27 09:07:13', '2014-10-04 11:22:43', '2024-09-07 11:02:20', '2024-09-07 11:02:20', 0),
(357, 873, 47, 'Billed', '2019-10-15 22:26:37', NULL, '2024-09-07 11:02:20', '2024-09-07 11:02:20', 0),
(358, 385, 47, 'Paid', '2015-12-13 22:57:30', '2024-02-13 07:56:01', '2024-09-07 11:02:20', '2024-09-07 11:02:20', 0),
(359, 707, 47, 'Billed', '2021-01-03 10:39:04', NULL, '2024-09-07 11:02:20', '2024-09-07 11:02:20', 0),
(360, 781, 47, 'Cancel', '2024-06-15 02:51:57', NULL, '2024-09-07 11:02:20', '2024-09-07 11:02:20', 0),
(361, 672, 48, 'Cancel', '2023-09-10 21:11:41', NULL, '2024-09-07 11:02:20', '2024-09-07 11:02:20', 0),
(362, 351, 48, 'Cancel', '2017-02-22 03:47:22', NULL, '2024-09-07 11:02:20', '2024-09-07 11:02:20', 0),
(363, 606, 48, 'Paid', '2022-10-17 09:33:08', '2022-10-10 09:24:45', '2024-09-07 11:02:20', '2024-09-07 11:02:20', 0),
(364, 149, 48, 'Billed', '2017-05-31 15:45:01', NULL, '2024-09-07 11:02:20', '2024-09-07 11:02:20', 0),
(365, 833, 48, 'Cancel', '2016-10-28 13:38:07', NULL, '2024-09-07 11:02:20', '2024-09-07 11:02:20', 0),
(366, 787, 49, 'Cancel', '2019-10-21 21:59:53', NULL, '2024-09-07 11:02:20', '2024-09-07 11:02:20', 0),
(367, 918, 49, 'Billed', '2019-10-27 03:38:51', NULL, '2024-09-07 11:02:20', '2024-09-07 11:02:20', 0),
(368, 594, 49, 'Cancel', '2021-11-17 06:48:18', NULL, '2024-09-07 11:02:20', '2024-09-07 11:02:20', 0),
(369, 467, 49, 'Billed', '2022-09-28 15:10:01', NULL, '2024-09-07 11:02:20', '2024-09-07 11:02:20', 0),
(370, 180, 49, 'Billed', '2014-12-03 18:20:48', NULL, '2024-09-07 11:02:20', '2024-09-07 11:02:20', 0),
(371, 152, 50, 'Billed', '2016-09-14 15:46:51', NULL, '2024-09-07 11:02:20', '2024-09-07 11:02:20', 0),
(372, 284, 50, 'Billed', '2017-01-22 04:46:05', NULL, '2024-09-07 11:02:20', '2024-09-07 11:02:20', 0),
(373, 724, 50, 'Cancel', '2020-09-12 05:19:00', NULL, '2024-09-07 11:02:20', '2024-09-07 11:02:20', 0),
(374, 128, 50, 'Paid', '2018-02-28 17:58:58', '2024-08-15 05:26:36', '2024-09-07 11:02:20', '2024-09-07 11:02:20', 0),
(375, 538, 50, 'Billed', '2016-05-30 13:50:41', NULL, '2024-09-07 11:02:20', '2024-09-07 11:02:20', 0),
(376, 786, 51, 'Billed', '2017-09-30 14:39:00', NULL, '2024-09-07 11:02:20', '2024-09-07 11:02:20', 0),
(377, 473, 51, 'Cancel', '2023-02-19 13:16:36', NULL, '2024-09-07 11:02:20', '2024-09-07 11:02:20', 0),
(378, 290, 51, 'Billed', '2020-01-15 23:21:55', NULL, '2024-09-07 11:02:20', '2024-09-07 11:02:20', 0),
(379, 553, 51, 'Billed', '2021-03-15 02:50:48', NULL, '2024-09-07 11:02:20', '2024-09-07 11:02:20', 0),
(380, 545, 51, 'Cancel', '2019-01-28 15:21:30', NULL, '2024-09-07 11:02:20', '2024-09-07 11:02:20', 0),
(381, 636, 52, 'Paid', '2020-06-10 19:12:22', '2023-05-13 20:26:25', '2024-09-07 11:02:20', '2024-09-07 11:02:20', 0),
(382, 884, 52, 'Paid', '2015-03-16 11:25:13', '2023-06-25 18:44:00', '2024-09-07 11:02:20', '2024-09-07 11:02:20', 0),
(383, 990, 52, 'Billed', '2017-02-10 15:51:20', NULL, '2024-09-07 11:02:20', '2024-09-07 11:02:20', 0),
(384, 885, 52, 'Billed', '2015-08-02 18:47:39', NULL, '2024-09-07 11:02:20', '2024-09-07 11:02:20', 0),
(385, 157, 52, 'Paid', '2015-01-27 11:27:18', '2020-02-05 21:53:38', '2024-09-07 11:02:20', '2024-09-07 11:02:20', 0),
(386, 458, 53, 'Cancel', '2022-06-18 11:15:05', NULL, '2024-09-07 11:02:20', '2024-09-07 11:02:20', 0),
(387, 171, 53, 'Billed', '2024-02-28 13:02:55', NULL, '2024-09-07 11:02:20', '2024-09-07 11:02:20', 0),
(388, 697, 53, 'Cancel', '2018-12-05 09:59:08', NULL, '2024-09-07 11:02:20', '2024-09-07 11:02:20', 0),
(389, 110, 53, 'Cancel', '2022-09-17 01:02:59', NULL, '2024-09-07 11:02:20', '2024-09-07 11:02:20', 0),
(390, 499, 53, 'Cancel', '2015-11-17 23:04:26', NULL, '2024-09-07 11:02:20', '2024-09-07 11:02:20', 0),
(391, 302, 54, 'Cancel', '2014-10-15 07:50:25', NULL, '2024-09-07 11:02:20', '2024-09-07 11:02:20', 0),
(392, 432, 54, 'Billed', '2017-05-30 12:28:19', NULL, '2024-09-07 11:02:20', '2024-09-07 11:02:20', 0),
(393, 569, 54, 'Paid', '2016-02-11 12:08:41', '2018-09-12 00:58:29', '2024-09-07 11:02:20', '2024-09-07 11:02:20', 0),
(394, 346, 54, 'Billed', '2019-08-07 10:02:40', NULL, '2024-09-07 11:02:20', '2024-09-07 11:02:20', 0),
(395, 612, 54, 'Paid', '2019-10-16 03:34:14', '2019-04-05 09:54:29', '2024-09-07 11:02:20', '2024-09-07 11:02:20', 0),
(396, 966, 55, 'Billed', '2020-10-31 11:52:47', NULL, '2024-09-07 11:02:20', '2024-09-07 11:02:20', 0),
(397, 457, 55, 'Cancel', '2017-01-11 04:03:50', NULL, '2024-09-07 11:02:20', '2024-09-07 11:02:20', 0),
(398, 859, 55, 'Paid', '2017-12-28 06:00:01', '2024-05-03 16:09:06', '2024-09-07 11:02:20', '2024-09-07 11:02:20', 0),
(399, 227, 55, 'Cancel', '2015-12-07 06:34:04', NULL, '2024-09-07 11:02:20', '2024-09-07 11:02:20', 0),
(400, 137, 55, 'Paid', '2022-06-18 06:22:30', '2019-01-07 12:21:45', '2024-09-07 11:02:20', '2024-09-07 11:02:20', 0),
(401, 352, 56, 'Cancel', '2018-03-10 21:35:36', NULL, '2024-09-07 11:02:20', '2024-09-07 11:02:20', 0),
(402, 144, 56, 'Paid', '2018-11-11 00:57:56', '2019-09-21 09:29:10', '2024-09-07 11:02:20', '2024-09-07 11:02:20', 0),
(403, 905, 56, 'Billed', '2022-04-20 21:19:36', NULL, '2024-09-07 11:02:20', '2024-09-07 11:02:20', 0),
(404, 651, 56, 'Paid', '2020-05-30 11:06:29', '2015-12-15 00:42:34', '2024-09-07 11:02:20', '2024-09-07 11:02:20', 0),
(405, 966, 56, 'Paid', '2017-07-10 03:48:49', '2019-08-23 18:09:01', '2024-09-07 11:02:20', '2024-09-07 11:02:20', 0),
(406, 441, 57, 'Paid', '2022-10-17 17:19:16', '2017-01-08 14:42:46', '2024-09-07 11:02:20', '2024-09-07 11:02:20', 0),
(407, 389, 57, 'Billed', '2018-04-30 15:51:24', NULL, '2024-09-07 11:02:20', '2024-09-07 11:02:20', 0),
(408, 269, 57, 'Paid', '2015-02-07 17:40:34', '2018-07-05 11:04:17', '2024-09-07 11:02:20', '2024-09-07 11:02:20', 0),
(409, 884, 57, 'Cancel', '2017-10-15 06:10:44', NULL, '2024-09-07 11:02:20', '2024-09-07 11:02:20', 0),
(410, 956, 57, 'Cancel', '2023-11-12 12:08:04', NULL, '2024-09-07 11:02:20', '2024-09-07 11:02:20', 0),
(411, 993, 58, 'Billed', '2023-08-28 05:37:44', NULL, '2024-09-07 11:02:20', '2024-09-07 11:02:20', 0),
(412, 532, 58, 'Billed', '2019-11-25 04:07:09', NULL, '2024-09-07 11:02:20', '2024-09-07 11:02:20', 0),
(413, 509, 58, 'Billed', '2015-01-10 18:17:00', NULL, '2024-09-07 11:02:20', '2024-09-07 11:02:20', 0),
(414, 277, 58, 'Cancel', '2015-08-08 04:28:11', NULL, '2024-09-07 11:02:20', '2024-09-07 11:02:20', 0),
(415, 440, 58, 'Billed', '2017-06-17 07:55:26', NULL, '2024-09-07 11:02:20', '2024-09-07 11:02:20', 0),
(416, 891, 59, 'Cancel', '2016-03-16 16:54:09', NULL, '2024-09-07 11:02:20', '2024-09-07 11:02:20', 0),
(417, 632, 59, 'Billed', '2018-02-21 00:50:31', NULL, '2024-09-07 11:02:20', '2024-09-07 11:02:20', 0),
(418, 722, 59, 'Paid', '2016-11-21 09:43:56', '2014-11-29 21:48:59', '2024-09-07 11:02:20', '2024-09-07 11:02:20', 0),
(419, 272, 59, 'Paid', '2022-11-18 04:49:27', '2014-12-23 20:28:40', '2024-09-07 11:02:20', '2024-09-07 11:02:20', 0),
(420, 293, 59, 'Paid', '2024-05-18 15:01:05', '2024-05-05 15:07:11', '2024-09-07 11:02:20', '2024-09-07 11:02:20', 0),
(421, 942, 60, 'Billed', '2014-11-05 13:09:07', NULL, '2024-09-07 11:02:20', '2024-09-07 11:02:20', 0),
(422, 112, 60, 'Cancel', '2019-03-23 07:14:42', NULL, '2024-09-07 11:02:20', '2024-09-07 11:02:20', 0),
(423, 213, 60, 'Cancel', '2019-10-10 17:30:31', NULL, '2024-09-07 11:02:20', '2024-09-07 11:02:20', 0),
(424, 316, 60, 'Billed', '2016-10-24 21:09:31', NULL, '2024-09-07 11:02:20', '2024-09-07 11:02:20', 0),
(425, 769, 60, 'Billed', '2015-09-24 13:00:12', NULL, '2024-09-07 11:02:20', '2024-09-07 11:02:20', 0),
(426, 608, 61, 'Paid', '2022-08-18 03:32:11', '2015-03-02 05:22:15', '2024-09-07 11:02:20', '2024-09-07 11:02:20', 0),
(427, 165, 61, 'Cancel', '2018-02-01 05:06:52', NULL, '2024-09-07 11:02:20', '2024-09-07 11:02:20', 0),
(428, 244, 61, 'Paid', '2020-08-20 12:19:26', '2020-06-28 20:30:55', '2024-09-07 11:02:20', '2024-09-07 11:02:20', 0),
(429, 747, 61, 'Paid', '2019-01-08 12:03:41', '2020-02-13 19:21:14', '2024-09-07 11:02:20', '2024-09-07 11:02:20', 0),
(430, 936, 61, 'Billed', '2017-09-08 00:21:53', NULL, '2024-09-07 11:02:20', '2024-09-07 11:02:20', 0),
(431, 276, 62, 'Cancel', '2017-06-30 21:24:36', NULL, '2024-09-07 11:02:20', '2024-09-07 11:02:20', 0),
(432, 901, 62, 'Cancel', '2019-07-25 11:07:06', NULL, '2024-09-07 11:02:20', '2024-09-07 11:02:20', 0),
(433, 865, 62, 'Paid', '2015-04-28 05:43:23', '2015-08-28 07:35:14', '2024-09-07 11:02:20', '2024-09-07 11:02:20', 0),
(434, 474, 62, 'Billed', '2019-07-18 17:49:40', NULL, '2024-09-07 11:02:20', '2024-09-07 11:02:20', 0),
(435, 367, 62, 'Billed', '2024-07-29 14:17:29', NULL, '2024-09-07 11:02:20', '2024-09-07 11:02:20', 0),
(436, 366, 63, 'Cancel', '2017-10-23 09:54:01', NULL, '2024-09-07 11:02:20', '2024-09-07 11:02:20', 0),
(437, 174, 63, 'Billed', '2016-09-08 12:35:44', NULL, '2024-09-07 11:02:20', '2024-09-07 11:02:20', 0),
(438, 465, 63, 'Paid', '2017-02-07 03:11:25', '2016-12-12 12:33:53', '2024-09-07 11:02:20', '2024-09-07 11:02:20', 0),
(439, 640, 63, 'Paid', '2023-08-31 10:07:34', '2024-05-12 14:40:57', '2024-09-07 11:02:20', '2024-09-07 11:02:20', 0),
(440, 411, 63, 'Cancel', '2017-08-24 08:47:20', NULL, '2024-09-07 11:02:20', '2024-09-07 11:02:20', 0),
(441, 489, 64, 'Paid', '2023-05-29 22:49:49', '2021-08-07 17:42:10', '2024-09-07 11:02:20', '2024-09-07 11:02:20', 0),
(442, 408, 64, 'Paid', '2023-03-27 19:23:49', '2020-07-09 08:10:55', '2024-09-07 11:02:20', '2024-09-07 11:02:20', 0),
(443, 208, 64, 'Billed', '2019-10-02 19:22:15', NULL, '2024-09-07 11:02:20', '2024-09-07 11:02:20', 0),
(444, 410, 64, 'Billed', '2015-06-25 10:36:51', NULL, '2024-09-07 11:02:20', '2024-09-07 11:02:20', 0),
(445, 804, 64, 'Paid', '2015-09-25 07:47:23', '2021-01-27 07:53:50', '2024-09-07 11:02:20', '2024-09-07 11:02:20', 0),
(446, 253, 65, 'Paid', '2023-06-30 09:16:12', '2023-07-28 08:02:21', '2024-09-07 11:02:20', '2024-09-07 11:02:20', 0),
(447, 119, 65, 'Billed', '2023-08-30 07:38:26', NULL, '2024-09-07 11:02:20', '2024-09-07 11:02:20', 0),
(448, 122, 65, 'Cancel', '2016-01-27 04:46:29', NULL, '2024-09-07 11:02:20', '2024-09-07 11:02:20', 0),
(449, 354, 65, 'Billed', '2019-06-07 04:35:13', NULL, '2024-09-07 11:02:20', '2024-09-07 11:02:20', 0),
(450, 223, 65, 'Cancel', '2015-10-23 14:15:03', NULL, '2024-09-07 11:02:20', '2024-09-07 11:02:20', 0),
(451, 202, 66, 'Cancel', '2019-02-22 03:34:06', NULL, '2024-09-07 11:02:20', '2024-09-07 11:02:20', 0),
(452, 520, 66, 'Cancel', '2021-12-01 22:52:21', NULL, '2024-09-07 11:02:20', '2024-09-07 11:02:20', 0),
(453, 498, 66, 'Paid', '2018-06-02 00:12:28', '2024-03-20 20:19:15', '2024-09-07 11:02:20', '2024-09-07 11:02:20', 0),
(454, 452, 66, 'Paid', '2017-01-29 22:22:11', '2014-10-15 07:23:50', '2024-09-07 11:02:20', '2024-09-07 11:02:20', 0),
(455, 618, 66, 'Cancel', '2023-04-23 21:54:48', NULL, '2024-09-07 11:02:20', '2024-09-07 11:02:20', 0),
(456, 630, 67, 'Billed', '2015-07-04 21:38:22', NULL, '2024-09-07 11:02:20', '2024-09-07 11:02:20', 0),
(457, 145, 67, 'Billed', '2017-10-22 07:11:50', NULL, '2024-09-07 11:02:20', '2024-09-07 11:02:20', 0),
(458, 775, 67, 'Billed', '2022-01-02 16:39:06', NULL, '2024-09-07 11:02:20', '2024-09-07 11:02:20', 0),
(459, 521, 67, 'Cancel', '2017-04-03 13:33:07', NULL, '2024-09-07 11:02:20', '2024-09-07 11:02:20', 0),
(460, 715, 67, 'Paid', '2016-02-19 01:42:39', '2023-09-20 10:02:17', '2024-09-07 11:02:20', '2024-09-07 11:02:20', 0),
(461, 659, 68, 'Paid', '2022-01-03 14:08:02', '2018-12-07 14:12:26', '2024-09-07 11:02:20', '2024-09-07 11:02:20', 0),
(462, 164, 68, 'Billed', '2022-09-28 06:09:45', NULL, '2024-09-07 11:02:20', '2024-09-07 11:02:20', 0),
(463, 133, 68, 'Billed', '2021-09-02 09:53:43', NULL, '2024-09-07 11:02:20', '2024-09-07 11:02:20', 0),
(464, 941, 68, 'Cancel', '2018-06-23 16:39:23', NULL, '2024-09-07 11:02:20', '2024-09-07 11:02:20', 0),
(465, 845, 68, 'Paid', '2018-08-30 18:54:35', '2024-01-19 15:58:20', '2024-09-07 11:02:20', '2024-09-07 11:02:20', 0),
(466, 916, 69, 'Billed', '2017-05-11 16:02:47', NULL, '2024-09-07 11:02:20', '2024-09-07 11:02:20', 0);
INSERT INTO `invoices` (`id`, `amount`, `customer_id`, `status`, `billed_date`, `paided_date`, `created_at`, `updated_at`, `user_id`) VALUES
(467, 214, 69, 'Paid', '2016-12-22 00:48:26', '2024-01-21 02:35:20', '2024-09-07 11:02:20', '2024-09-07 11:02:20', 0),
(468, 698, 69, 'Cancel', '2022-02-02 09:20:16', NULL, '2024-09-07 11:02:20', '2024-09-07 11:02:20', 0),
(469, 668, 69, 'Paid', '2023-10-27 03:40:16', '2021-12-26 15:06:15', '2024-09-07 11:02:20', '2024-09-07 11:02:20', 0),
(470, 445, 69, 'Billed', '2019-07-27 23:31:15', NULL, '2024-09-07 11:02:20', '2024-09-07 11:02:20', 0),
(471, 709, 70, 'Paid', '2019-12-29 00:43:13', '2022-10-03 23:22:23', '2024-09-07 11:02:20', '2024-09-07 11:02:20', 0),
(472, 340, 70, 'Paid', '2016-05-02 20:33:19', '2016-04-22 02:04:33', '2024-09-07 11:02:20', '2024-09-07 11:02:20', 0),
(473, 636, 70, 'Cancel', '2023-09-01 18:58:19', NULL, '2024-09-07 11:02:20', '2024-09-07 11:02:20', 0),
(474, 580, 70, 'Billed', '2024-08-01 13:37:06', NULL, '2024-09-07 11:02:20', '2024-09-07 11:02:20', 0),
(475, 273, 70, 'Billed', '2022-09-26 17:46:10', NULL, '2024-09-07 11:02:20', '2024-09-07 11:02:20', 0),
(476, 132, 71, 'Billed', '2021-11-22 01:18:20', NULL, '2024-09-07 11:02:20', '2024-09-07 11:02:20', 0),
(477, 894, 71, 'Cancel', '2015-03-29 11:01:22', NULL, '2024-09-07 11:02:20', '2024-09-07 11:02:20', 0),
(478, 485, 71, 'Billed', '2015-09-12 20:53:30', NULL, '2024-09-07 11:02:20', '2024-09-07 11:02:20', 0),
(479, 808, 71, 'Cancel', '2017-11-01 05:58:14', NULL, '2024-09-07 11:02:20', '2024-09-07 11:02:20', 0),
(480, 733, 71, 'Paid', '2019-11-03 10:25:21', '2020-10-31 17:05:05', '2024-09-07 11:02:20', '2024-09-07 11:02:20', 0),
(481, 296, 72, 'Billed', '2023-10-26 20:22:47', NULL, '2024-09-07 11:02:20', '2024-09-07 11:02:20', 0),
(482, 748, 72, 'Paid', '2018-01-17 16:30:56', '2016-01-28 10:52:41', '2024-09-07 11:02:20', '2024-09-07 11:02:20', 0),
(483, 242, 72, 'Cancel', '2015-04-27 11:49:50', NULL, '2024-09-07 11:02:20', '2024-09-07 11:02:20', 0),
(484, 941, 72, 'Cancel', '2016-02-11 21:19:31', NULL, '2024-09-07 11:02:20', '2024-09-07 11:02:20', 0),
(485, 432, 72, 'Billed', '2016-09-04 23:03:42', NULL, '2024-09-07 11:02:20', '2024-09-07 11:02:20', 0),
(486, 857, 73, 'Cancel', '2022-06-22 15:59:00', NULL, '2024-09-07 11:02:20', '2024-09-07 11:02:20', 0),
(487, 822, 73, 'Paid', '2017-08-13 10:29:27', '2014-09-09 04:07:28', '2024-09-07 11:02:20', '2024-09-07 11:02:20', 0),
(488, 764, 73, 'Paid', '2023-10-21 10:12:18', '2021-04-16 19:18:23', '2024-09-07 11:02:20', '2024-09-07 11:02:20', 0),
(489, 307, 73, 'Billed', '2016-05-13 16:39:59', NULL, '2024-09-07 11:02:20', '2024-09-07 11:02:20', 0),
(490, 112, 73, 'Paid', '2016-07-23 22:03:16', '2020-09-03 13:10:08', '2024-09-07 11:02:20', '2024-09-07 11:02:20', 0),
(491, 944, 74, 'Cancel', '2022-11-26 23:57:54', NULL, '2024-09-07 11:02:20', '2024-09-07 11:02:20', 0),
(492, 401, 74, 'Paid', '2021-11-22 02:55:32', '2017-07-22 07:03:15', '2024-09-07 11:02:20', '2024-09-07 11:02:20', 0),
(493, 511, 74, 'Paid', '2022-05-17 04:40:50', '2020-08-16 03:17:15', '2024-09-07 11:02:20', '2024-09-07 11:02:20', 0),
(494, 235, 74, 'Paid', '2021-05-29 18:30:52', '2021-06-24 19:53:15', '2024-09-07 11:02:20', '2024-09-07 11:02:20', 0),
(495, 877, 74, 'Billed', '2023-11-23 02:15:31', NULL, '2024-09-07 11:02:20', '2024-09-07 11:02:20', 0),
(496, 647, 75, 'Paid', '2019-12-06 06:57:19', '2020-01-30 09:59:23', '2024-09-07 11:02:20', '2024-09-07 11:02:20', 0),
(497, 816, 75, 'Cancel', '2021-12-01 02:31:24', NULL, '2024-09-07 11:02:20', '2024-09-07 11:02:20', 0),
(498, 186, 75, 'Billed', '2018-05-24 02:27:39', NULL, '2024-09-07 11:02:20', '2024-09-07 11:02:20', 0),
(499, 973, 75, 'Cancel', '2020-05-01 09:38:05', NULL, '2024-09-07 11:02:20', '2024-09-07 11:02:20', 0),
(500, 180, 75, 'Cancel', '2021-07-13 14:47:20', NULL, '2024-09-07 11:02:20', '2024-09-07 11:02:20', 0),
(501, 708, 76, 'Paid', '2022-11-22 00:44:05', '2018-04-23 13:39:01', '2024-09-07 11:02:20', '2024-09-07 11:02:20', 0),
(502, 432, 76, 'Cancel', '2022-03-31 22:14:50', NULL, '2024-09-07 11:02:20', '2024-09-07 11:02:20', 0),
(503, 530, 76, 'Paid', '2017-01-31 04:09:13', '2020-05-31 22:40:41', '2024-09-07 11:02:20', '2024-09-07 11:02:20', 0),
(504, 851, 76, 'Cancel', '2015-05-08 19:02:21', NULL, '2024-09-07 11:02:20', '2024-09-07 11:02:20', 0),
(505, 383, 76, 'Cancel', '2023-05-08 09:59:35', NULL, '2024-09-07 11:02:20', '2024-09-07 11:02:20', 0),
(506, 662, 77, 'Cancel', '2020-06-21 01:44:43', NULL, '2024-09-07 11:02:20', '2024-09-07 11:02:20', 0),
(507, 925, 77, 'Billed', '2022-11-07 16:12:11', NULL, '2024-09-07 11:02:20', '2024-09-07 11:02:20', 0),
(508, 998, 77, 'Paid', '2020-09-28 21:41:53', '2024-01-20 05:28:11', '2024-09-07 11:02:20', '2024-09-07 11:02:20', 0),
(509, 839, 77, 'Paid', '2020-09-23 05:31:16', '2023-06-21 11:19:05', '2024-09-07 11:02:20', '2024-09-07 11:02:20', 0),
(510, 152, 77, 'Cancel', '2015-10-12 15:41:36', NULL, '2024-09-07 11:02:20', '2024-09-07 11:02:20', 0),
(511, 928, 78, 'Billed', '2015-06-22 08:34:09', NULL, '2024-09-07 11:02:20', '2024-09-07 11:02:20', 0),
(512, 738, 78, 'Paid', '2018-11-07 12:35:37', '2015-01-27 15:11:56', '2024-09-07 11:02:20', '2024-09-07 11:02:20', 0),
(513, 385, 78, 'Billed', '2015-10-18 00:24:30', NULL, '2024-09-07 11:02:20', '2024-09-07 11:02:20', 0),
(514, 490, 78, 'Cancel', '2017-10-22 07:22:35', NULL, '2024-09-07 11:02:20', '2024-09-07 11:02:20', 0),
(515, 150, 78, 'Cancel', '2019-10-24 06:44:54', NULL, '2024-09-07 11:02:20', '2024-09-07 11:02:20', 0),
(516, 952, 79, 'Billed', '2019-10-09 11:59:01', NULL, '2024-09-07 11:02:20', '2024-09-07 11:02:20', 0),
(517, 780, 79, 'Cancel', '2015-05-21 16:17:17', NULL, '2024-09-07 11:02:20', '2024-09-07 11:02:20', 0),
(518, 165, 79, 'Paid', '2016-05-02 12:58:11', '2024-03-16 03:46:52', '2024-09-07 11:02:20', '2024-09-07 11:02:20', 0),
(519, 475, 79, 'Billed', '2022-01-10 06:01:44', NULL, '2024-09-07 11:02:20', '2024-09-07 11:02:20', 0),
(520, 428, 79, 'Billed', '2016-05-26 15:59:14', NULL, '2024-09-07 11:02:20', '2024-09-07 11:02:20', 0),
(521, 301, 80, 'Paid', '2017-11-01 21:08:17', '2021-04-15 21:58:18', '2024-09-07 11:02:20', '2024-09-07 11:02:20', 0),
(522, 425, 80, 'Paid', '2015-08-08 08:30:12', '2022-03-24 17:40:02', '2024-09-07 11:02:20', '2024-09-07 11:02:20', 0),
(523, 370, 80, 'Billed', '2017-08-09 00:45:27', NULL, '2024-09-07 11:02:20', '2024-09-07 11:02:20', 0),
(524, 229, 80, 'Billed', '2020-11-27 07:37:31', NULL, '2024-09-07 11:02:20', '2024-09-07 11:02:20', 0),
(525, 355, 80, 'Cancel', '2015-11-02 17:43:55', NULL, '2024-09-07 11:02:20', '2024-09-07 11:02:20', 0),
(526, 954, 81, 'Paid', '2019-10-29 13:19:32', '2020-05-25 12:07:34', '2024-09-07 11:02:20', '2024-09-07 11:02:20', 0),
(527, 112, 81, 'Billed', '2020-11-30 00:06:47', NULL, '2024-09-07 11:02:20', '2024-09-07 11:02:20', 0),
(528, 957, 81, 'Paid', '2023-06-21 06:29:23', '2015-11-28 01:52:17', '2024-09-07 11:02:20', '2024-09-07 11:02:20', 0),
(529, 712, 81, 'Cancel', '2020-12-14 13:36:48', NULL, '2024-09-07 11:02:20', '2024-09-07 11:02:20', 0),
(530, 362, 81, 'Billed', '2018-03-27 02:41:41', NULL, '2024-09-07 11:02:20', '2024-09-07 11:02:20', 0),
(531, 978, 82, 'Paid', '2021-02-14 16:21:30', '2022-05-28 05:49:32', '2024-09-07 11:02:20', '2024-09-07 11:02:20', 0),
(532, 650, 82, 'Billed', '2020-03-16 12:01:28', NULL, '2024-09-07 11:02:20', '2024-09-07 11:02:20', 0),
(533, 178, 82, 'Billed', '2017-09-18 23:15:34', NULL, '2024-09-07 11:02:20', '2024-09-07 11:02:20', 0),
(534, 630, 82, 'Paid', '2019-07-13 18:40:51', '2017-10-13 16:43:25', '2024-09-07 11:02:20', '2024-09-07 11:02:20', 0),
(535, 937, 82, 'Cancel', '2022-01-31 03:57:17', NULL, '2024-09-07 11:02:20', '2024-09-07 11:02:20', 0),
(536, 915, 83, 'Billed', '2018-07-13 04:21:04', NULL, '2024-09-07 11:02:20', '2024-09-07 11:02:20', 0),
(537, 662, 83, 'Paid', '2018-10-05 00:07:20', '2020-08-17 02:29:26', '2024-09-07 11:02:20', '2024-09-07 11:02:20', 0),
(538, 268, 83, 'Cancel', '2019-03-30 03:47:52', NULL, '2024-09-07 11:02:20', '2024-09-07 11:02:20', 0),
(539, 211, 83, 'Billed', '2016-02-15 18:10:47', NULL, '2024-09-07 11:02:20', '2024-09-07 11:02:20', 0),
(540, 376, 83, 'Cancel', '2023-12-11 18:16:08', NULL, '2024-09-07 11:02:20', '2024-09-07 11:02:20', 0),
(541, 295, 84, 'Paid', '2019-03-13 14:41:00', '2017-07-19 20:05:15', '2024-09-07 11:02:20', '2024-09-07 11:02:20', 0),
(542, 207, 84, 'Cancel', '2014-12-05 17:24:30', NULL, '2024-09-07 11:02:20', '2024-09-07 11:02:20', 0),
(543, 309, 84, 'Billed', '2018-10-14 15:23:32', NULL, '2024-09-07 11:02:20', '2024-09-07 11:02:20', 0),
(544, 327, 84, 'Paid', '2021-11-21 01:28:44', '2023-06-22 10:57:43', '2024-09-07 11:02:20', '2024-09-07 11:02:20', 0),
(545, 909, 84, 'Billed', '2016-08-17 11:12:35', NULL, '2024-09-07 11:02:20', '2024-09-07 11:02:20', 0),
(546, 479, 85, 'Paid', '2017-02-02 22:12:10', '2018-01-13 09:27:48', '2024-09-07 11:02:20', '2024-09-07 11:02:20', 0),
(547, 972, 85, 'Paid', '2015-12-03 10:24:27', '2017-09-20 19:30:38', '2024-09-07 11:02:20', '2024-09-07 11:02:20', 0),
(548, 278, 85, 'Cancel', '2018-06-18 02:24:49', NULL, '2024-09-07 11:02:20', '2024-09-07 11:02:20', 0),
(549, 788, 85, 'Billed', '2015-12-16 20:25:45', NULL, '2024-09-07 11:02:20', '2024-09-07 11:02:20', 0),
(550, 464, 85, 'Cancel', '2021-12-27 09:54:37', NULL, '2024-09-07 11:02:20', '2024-09-07 11:02:20', 0),
(551, 547, 86, 'Paid', '2017-06-29 23:24:10', '2019-12-01 13:58:30', '2024-09-07 11:02:20', '2024-09-07 11:02:20', 0),
(552, 870, 86, 'Billed', '2015-01-04 23:41:37', NULL, '2024-09-07 11:02:20', '2024-09-07 11:02:20', 0),
(553, 595, 86, 'Cancel', '2023-12-12 20:35:18', NULL, '2024-09-07 11:02:20', '2024-09-07 11:02:20', 0),
(554, 308, 86, 'Paid', '2017-08-02 11:14:37', '2019-04-28 04:34:10', '2024-09-07 11:02:20', '2024-09-07 11:02:20', 0),
(555, 945, 86, 'Billed', '2016-10-25 17:48:45', NULL, '2024-09-07 11:02:20', '2024-09-07 11:02:20', 0),
(556, 615, 87, 'Billed', '2020-02-29 14:13:56', NULL, '2024-09-07 11:02:20', '2024-09-07 11:02:20', 0),
(557, 902, 87, 'Cancel', '2020-01-30 00:51:54', NULL, '2024-09-07 11:02:20', '2024-09-07 11:02:20', 0),
(558, 776, 87, 'Billed', '2017-03-01 15:18:41', NULL, '2024-09-07 11:02:20', '2024-09-07 11:02:20', 0),
(559, 561, 87, 'Paid', '2024-08-24 06:10:31', '2023-02-23 09:46:42', '2024-09-07 11:02:20', '2024-09-07 11:02:20', 0),
(560, 848, 87, 'Cancel', '2017-03-11 02:30:00', NULL, '2024-09-07 11:02:20', '2024-09-07 11:02:20', 0),
(561, 570, 88, 'Paid', '2017-12-05 02:53:56', '2015-01-30 22:44:22', '2024-09-07 11:02:20', '2024-09-07 11:02:20', 0),
(562, 295, 88, 'Cancel', '2022-01-01 00:37:32', NULL, '2024-09-07 11:02:20', '2024-09-07 11:02:20', 0),
(563, 354, 88, 'Cancel', '2016-12-05 20:03:23', NULL, '2024-09-07 11:02:20', '2024-09-07 11:02:20', 0),
(564, 803, 88, 'Billed', '2024-04-12 11:47:34', NULL, '2024-09-07 11:02:20', '2024-09-07 11:02:20', 0),
(565, 704, 88, 'Paid', '2023-12-09 08:33:40', '2018-05-25 17:01:58', '2024-09-07 11:02:20', '2024-09-07 11:02:20', 0),
(566, 817, 89, 'Paid', '2023-10-08 13:51:32', '2016-05-09 13:50:08', '2024-09-07 11:02:20', '2024-09-07 11:02:20', 0),
(567, 615, 89, 'Cancel', '2021-07-01 10:46:10', NULL, '2024-09-07 11:02:20', '2024-09-07 11:02:20', 0),
(568, 961, 89, 'Paid', '2017-12-13 03:47:17', '2022-02-02 16:48:50', '2024-09-07 11:02:20', '2024-09-07 11:02:20', 0),
(569, 809, 89, 'Cancel', '2017-11-04 19:05:47', NULL, '2024-09-07 11:02:20', '2024-09-07 11:02:20', 0),
(570, 462, 89, 'Cancel', '2016-12-29 07:42:03', NULL, '2024-09-07 11:02:20', '2024-09-07 11:02:20', 0),
(571, 360, 90, 'Billed', '2015-10-15 20:04:13', NULL, '2024-09-07 11:02:20', '2024-09-07 11:02:20', 0),
(572, 593, 90, 'Paid', '2023-08-10 11:26:02', '2016-10-16 21:19:16', '2024-09-07 11:02:20', '2024-09-07 11:02:20', 0),
(573, 901, 90, 'Paid', '2021-08-25 06:12:56', '2018-10-28 15:24:10', '2024-09-07 11:02:20', '2024-09-07 11:02:20', 0),
(574, 357, 90, 'Cancel', '2018-06-17 07:14:01', NULL, '2024-09-07 11:02:20', '2024-09-07 11:02:20', 0),
(575, 805, 90, 'Billed', '2016-03-01 16:34:54', NULL, '2024-09-07 11:02:20', '2024-09-07 11:02:20', 0),
(576, 133, 91, 'Cancel', '2022-12-16 03:38:08', NULL, '2024-09-07 11:02:20', '2024-09-07 11:02:20', 0),
(577, 162, 91, 'Cancel', '2020-04-21 19:36:23', NULL, '2024-09-07 11:02:20', '2024-09-07 11:02:20', 0),
(578, 646, 91, 'Billed', '2020-09-27 03:23:52', NULL, '2024-09-07 11:02:20', '2024-09-07 11:02:20', 0),
(579, 455, 91, 'Billed', '2022-04-26 08:29:25', NULL, '2024-09-07 11:02:20', '2024-09-07 11:02:20', 0),
(580, 952, 91, 'Paid', '2018-02-27 13:26:14', '2022-03-07 18:38:52', '2024-09-07 11:02:20', '2024-09-07 11:02:20', 0),
(581, 860, 92, 'Billed', '2020-11-22 07:52:45', NULL, '2024-09-07 11:02:20', '2024-09-07 11:02:20', 0),
(582, 662, 92, 'Cancel', '2016-11-15 13:48:40', NULL, '2024-09-07 11:02:20', '2024-09-07 11:02:20', 0),
(583, 159, 92, 'Cancel', '2019-06-20 12:04:04', NULL, '2024-09-07 11:02:20', '2024-09-07 11:02:20', 0),
(584, 178, 92, 'Billed', '2024-06-06 21:58:11', NULL, '2024-09-07 11:02:20', '2024-09-07 11:02:20', 0),
(585, 296, 92, 'Cancel', '2021-08-22 16:29:38', NULL, '2024-09-07 11:02:20', '2024-09-07 11:02:20', 0),
(586, 302, 93, 'Cancel', '2022-02-08 10:28:00', NULL, '2024-09-07 11:02:20', '2024-09-07 11:02:20', 0),
(587, 765, 93, 'Cancel', '2015-06-14 10:41:59', NULL, '2024-09-07 11:02:20', '2024-09-07 11:02:20', 0),
(588, 530, 93, 'Cancel', '2023-12-15 00:41:31', NULL, '2024-09-07 11:02:20', '2024-09-07 11:02:20', 0),
(589, 635, 93, 'Billed', '2018-03-13 10:21:38', NULL, '2024-09-07 11:02:20', '2024-09-07 11:02:20', 0),
(590, 770, 93, 'Cancel', '2016-06-02 05:08:42', NULL, '2024-09-07 11:02:20', '2024-09-07 11:02:20', 0),
(591, 644, 94, 'Billed', '2023-10-29 03:42:14', NULL, '2024-09-07 11:02:20', '2024-09-07 11:02:20', 0),
(592, 879, 94, 'Billed', '2021-05-22 14:12:42', NULL, '2024-09-07 11:02:20', '2024-09-07 11:02:20', 0),
(593, 637, 94, 'Paid', '2024-02-11 17:45:03', '2017-09-10 16:03:54', '2024-09-07 11:02:20', '2024-09-07 11:02:20', 0),
(594, 605, 94, 'Paid', '2017-01-19 12:10:19', '2018-05-13 08:08:02', '2024-09-07 11:02:20', '2024-09-07 11:02:20', 0),
(595, 321, 94, 'Paid', '2017-11-24 17:28:03', '2019-02-27 11:12:27', '2024-09-07 11:02:20', '2024-09-07 11:02:20', 0),
(596, 986, 95, 'Billed', '2020-06-17 19:03:25', NULL, '2024-09-07 11:02:20', '2024-09-07 11:02:20', 0),
(597, 524, 95, 'Billed', '2015-09-23 13:16:43', NULL, '2024-09-07 11:02:20', '2024-09-07 11:02:20', 0),
(598, 565, 95, 'Cancel', '2023-11-14 00:44:28', NULL, '2024-09-07 11:02:20', '2024-09-07 11:02:20', 0),
(599, 913, 95, 'Paid', '2017-07-09 07:38:12', '2023-01-03 12:27:20', '2024-09-07 11:02:20', '2024-09-07 11:02:20', 0),
(600, 697, 95, 'Cancel', '2019-09-13 21:24:51', NULL, '2024-09-07 11:02:20', '2024-09-07 11:02:20', 0),
(601, 322, 96, 'Cancel', '2022-05-11 23:15:30', NULL, '2024-09-07 11:02:20', '2024-09-07 11:02:20', 0),
(602, 369, 96, 'Paid', '2022-07-06 14:04:51', '2017-07-21 14:45:28', '2024-09-07 11:02:20', '2024-09-07 11:02:20', 0),
(603, 191, 96, 'Paid', '2020-05-09 09:47:53', '2015-08-07 08:06:55', '2024-09-07 11:02:20', '2024-09-07 11:02:20', 0),
(604, 855, 96, 'Paid', '2017-08-27 06:59:28', '2021-04-22 17:04:07', '2024-09-07 11:02:20', '2024-09-07 11:02:20', 0),
(605, 226, 96, 'Paid', '2018-07-04 17:27:29', '2020-05-03 19:49:58', '2024-09-07 11:02:20', '2024-09-07 11:02:20', 0),
(606, 953, 97, 'Paid', '2015-03-08 05:30:31', '2020-10-29 14:23:34', '2024-09-07 11:02:20', '2024-09-07 11:02:20', 0),
(607, 500, 97, 'Billed', '2015-02-02 14:57:38', NULL, '2024-09-07 11:02:20', '2024-09-07 11:02:20', 0),
(608, 360, 97, 'Paid', '2022-09-26 18:39:00', '2016-07-19 17:22:45', '2024-09-07 11:02:20', '2024-09-07 11:02:20', 0),
(609, 256, 97, 'Paid', '2016-07-05 08:22:12', '2016-01-11 20:13:41', '2024-09-07 11:02:20', '2024-09-07 11:02:20', 0),
(610, 752, 97, 'Paid', '2020-08-10 03:57:37', '2019-03-18 18:33:45', '2024-09-07 11:02:20', '2024-09-07 11:02:20', 0),
(611, 720, 98, 'Billed', '2020-08-27 12:27:22', NULL, '2024-09-07 11:02:20', '2024-09-07 11:02:20', 0),
(612, 915, 98, 'Cancel', '2018-04-13 08:30:49', NULL, '2024-09-07 11:02:20', '2024-09-07 11:02:20', 0),
(613, 490, 98, 'Billed', '2016-10-09 22:25:34', NULL, '2024-09-07 11:02:20', '2024-09-07 11:02:20', 0),
(614, 733, 98, 'Cancel', '2020-01-07 22:23:39', NULL, '2024-09-07 11:02:20', '2024-09-07 11:02:20', 0),
(615, 456, 98, 'Paid', '2015-04-26 09:57:52', '2019-04-01 09:13:40', '2024-09-07 11:02:20', '2024-09-07 11:02:20', 0),
(616, 545, 99, 'Billed', '2024-08-10 05:37:35', NULL, '2024-09-07 11:02:20', '2024-09-07 11:02:20', 0),
(617, 436, 99, 'Cancel', '2020-02-16 18:38:39', NULL, '2024-09-07 11:02:20', '2024-09-07 11:02:20', 0),
(618, 298, 99, 'Cancel', '2023-01-16 21:33:58', NULL, '2024-09-07 11:02:20', '2024-09-07 11:02:20', 0),
(619, 634, 99, 'Cancel', '2020-02-11 16:10:49', NULL, '2024-09-07 11:02:20', '2024-09-07 11:02:20', 0),
(620, 691, 99, 'Cancel', '2022-05-07 14:05:47', NULL, '2024-09-07 11:02:20', '2024-09-07 11:02:20', 0),
(621, 543, 100, 'Cancel', '2023-03-21 16:41:03', NULL, '2024-09-07 11:02:20', '2024-09-07 11:02:20', 0),
(622, 494, 100, 'Paid', '2018-06-25 04:43:22', '2016-09-30 23:13:29', '2024-09-07 11:02:20', '2024-09-07 11:02:20', 0),
(623, 797, 100, 'Billed', '2024-07-07 21:47:09', NULL, '2024-09-07 11:02:20', '2024-09-07 11:02:20', 0),
(624, 883, 100, 'Paid', '2016-07-23 06:30:41', '2016-07-10 14:06:45', '2024-09-07 11:02:20', '2024-09-07 11:02:20', 0),
(625, 968, 100, 'Billed', '2018-09-22 10:04:47', NULL, '2024-09-07 11:02:20', '2024-09-07 11:02:20', 0),
(626, 882, 101, 'Billed', '2020-09-30 20:20:06', NULL, '2024-09-07 11:02:20', '2024-09-07 11:02:20', 0),
(627, 108, 101, 'Billed', '2022-11-08 11:58:22', NULL, '2024-09-07 11:02:20', '2024-09-07 11:02:20', 0),
(628, 257, 101, 'Cancel', '2021-01-21 08:34:56', NULL, '2024-09-07 11:02:20', '2024-09-07 11:02:20', 0),
(629, 340, 102, 'Paid', '2020-08-28 15:46:03', '2016-10-18 11:17:17', '2024-09-07 11:02:20', '2024-09-07 11:02:20', 0),
(630, 597, 102, 'Billed', '2017-01-26 12:42:15', NULL, '2024-09-07 11:02:20', '2024-09-07 11:02:20', 0),
(631, 558, 102, 'Paid', '2016-03-20 18:17:23', '2017-10-30 00:52:02', '2024-09-07 11:02:20', '2024-09-07 11:02:20', 0),
(632, 612, 103, 'Cancel', '2022-03-29 14:11:30', NULL, '2024-09-07 11:02:20', '2024-09-07 11:02:20', 0),
(633, 269, 103, 'Cancel', '2023-12-30 09:54:10', NULL, '2024-09-07 11:02:20', '2024-09-07 11:02:20', 0),
(634, 279, 103, 'Paid', '2017-08-17 17:35:52', '2023-03-14 01:20:08', '2024-09-07 11:02:20', '2024-09-07 11:02:20', 0),
(635, 988, 104, 'Paid', '2017-07-14 15:51:04', '2022-10-07 04:29:03', '2024-09-07 11:02:20', '2024-09-07 11:02:20', 0),
(636, 970, 104, 'Billed', '2016-01-12 14:29:45', NULL, '2024-09-07 11:02:20', '2024-09-07 11:02:20', 0),
(637, 224, 104, 'Billed', '2023-04-23 11:42:16', NULL, '2024-09-07 11:02:20', '2024-09-07 11:02:20', 0),
(638, 389, 105, 'Billed', '2019-05-28 21:33:16', NULL, '2024-09-07 11:02:20', '2024-09-07 11:02:20', 0),
(639, 145, 105, 'Paid', '2019-08-19 12:29:24', '2019-01-01 01:29:29', '2024-09-07 11:02:20', '2024-09-07 11:02:20', 0),
(640, 333, 105, 'Cancel', '2024-06-29 20:06:56', NULL, '2024-09-07 11:02:20', '2024-09-07 11:02:20', 0),
(641, 175, 106, 'Paid', '2015-07-08 18:49:46', '2021-12-06 17:59:44', '2024-09-07 11:02:20', '2024-09-07 11:02:20', 0),
(642, 418, 106, 'Cancel', '2021-04-16 05:38:40', NULL, '2024-09-07 11:02:20', '2024-09-07 11:02:20', 0),
(643, 683, 106, 'Cancel', '2015-03-31 18:54:13', NULL, '2024-09-07 11:02:20', '2024-09-07 11:02:20', 0),
(644, 183, 107, 'Paid', '2022-02-14 06:53:56', '2017-03-12 07:35:10', '2024-09-07 11:02:20', '2024-09-07 11:02:20', 0),
(645, 159, 107, 'Paid', '2022-07-16 07:21:46', '2019-10-01 07:59:28', '2024-09-07 11:02:20', '2024-09-07 11:02:20', 0),
(646, 956, 107, 'Cancel', '2023-04-09 22:53:08', NULL, '2024-09-07 11:02:20', '2024-09-07 11:02:20', 0),
(647, 874, 108, 'Paid', '2015-11-16 17:01:29', '2021-06-06 23:09:21', '2024-09-07 11:02:20', '2024-09-07 11:02:20', 0),
(648, 256, 108, 'Billed', '2015-05-06 08:07:34', NULL, '2024-09-07 11:02:20', '2024-09-07 11:02:20', 0),
(649, 256, 108, 'Paid', '2017-05-20 02:20:13', '2015-08-06 23:29:55', '2024-09-07 11:02:20', '2024-09-07 11:02:20', 0),
(650, 127, 109, 'Billed', '2019-09-03 17:17:17', NULL, '2024-09-07 11:02:20', '2024-09-07 11:02:20', 0),
(651, 879, 109, 'Cancel', '2021-03-07 01:39:18', NULL, '2024-09-07 11:02:20', '2024-09-07 11:02:20', 0),
(652, 559, 109, 'Billed', '2018-10-07 13:07:26', NULL, '2024-09-07 11:02:20', '2024-09-07 11:02:20', 0),
(653, 332, 110, 'Paid', '2017-06-03 11:13:58', '2015-09-21 18:59:35', '2024-09-07 11:02:20', '2024-09-07 11:02:20', 0),
(654, 616, 110, 'Cancel', '2023-06-25 10:31:18', NULL, '2024-09-07 11:02:20', '2024-09-07 11:02:20', 0),
(655, 877, 110, 'Cancel', '2022-04-08 07:26:40', NULL, '2024-09-07 11:02:20', '2024-09-07 11:02:20', 0),
(656, 564, 111, 'Paid', '2018-03-03 19:52:41', '2019-01-06 06:45:19', '2024-09-07 11:02:20', '2024-09-07 11:02:20', 0),
(657, 398, 111, 'Cancel', '2019-06-25 15:14:53', NULL, '2024-09-07 11:02:20', '2024-09-07 11:02:20', 0),
(658, 484, 111, 'Paid', '2017-05-29 05:18:19', '2024-05-30 11:53:40', '2024-09-07 11:02:20', '2024-09-07 11:02:20', 0),
(659, 397, 112, 'Cancel', '2024-03-15 02:44:51', NULL, '2024-09-07 11:02:20', '2024-09-07 11:02:20', 0),
(660, 801, 112, 'Paid', '2022-03-14 17:22:37', '2022-10-19 11:17:03', '2024-09-07 11:02:20', '2024-09-07 11:02:20', 0),
(661, 541, 112, 'Cancel', '2017-05-03 23:48:41', NULL, '2024-09-07 11:02:20', '2024-09-07 11:02:20', 0),
(662, 363, 113, 'Billed', '2022-04-30 00:36:43', NULL, '2024-09-07 11:02:20', '2024-09-07 11:02:20', 0),
(663, 506, 113, 'Paid', '2016-09-13 13:48:31', '2020-06-24 22:35:14', '2024-09-07 11:02:20', '2024-09-07 11:02:20', 0),
(664, 405, 113, 'Paid', '2024-04-07 13:24:51', '2020-10-08 13:22:01', '2024-09-07 11:02:20', '2024-09-07 11:02:20', 0),
(665, 624, 114, 'Billed', '2015-03-10 09:31:24', NULL, '2024-09-07 11:02:20', '2024-09-07 11:02:20', 0),
(666, 619, 114, 'Cancel', '2023-06-18 22:59:53', NULL, '2024-09-07 11:02:20', '2024-09-07 11:02:20', 0),
(667, 842, 114, 'Billed', '2018-02-13 17:06:10', NULL, '2024-09-07 11:02:20', '2024-09-07 11:02:20', 0),
(668, 224, 115, 'Paid', '2021-10-06 02:21:24', '2021-04-02 07:06:05', '2024-09-07 11:02:20', '2024-09-07 11:02:20', 0),
(669, 427, 115, 'Cancel', '2023-06-24 02:14:47', NULL, '2024-09-07 11:02:20', '2024-09-07 11:02:20', 0),
(670, 694, 115, 'Cancel', '2022-05-09 14:15:49', NULL, '2024-09-07 11:02:20', '2024-09-07 11:02:20', 0),
(671, 729, 116, 'Paid', '2024-01-25 09:55:38', '2022-08-11 17:12:54', '2024-09-07 11:02:20', '2024-09-07 11:02:20', 0),
(672, 858, 116, 'Cancel', '2019-07-11 04:39:50', NULL, '2024-09-07 11:02:20', '2024-09-07 11:02:20', 0),
(673, 542, 116, 'Cancel', '2016-03-16 17:47:21', NULL, '2024-09-07 11:02:20', '2024-09-07 11:02:20', 0),
(674, 442, 117, 'Cancel', '2020-07-31 12:12:29', NULL, '2024-09-07 11:02:20', '2024-09-07 11:02:20', 0),
(675, 404, 117, 'Billed', '2023-03-10 21:27:03', NULL, '2024-09-07 11:02:20', '2024-09-07 11:02:20', 0),
(676, 479, 117, 'Billed', '2015-04-08 23:25:10', NULL, '2024-09-07 11:02:20', '2024-09-07 11:02:20', 0),
(677, 345, 118, 'Cancel', '2016-05-11 20:10:57', NULL, '2024-09-07 11:02:20', '2024-09-07 11:02:20', 0),
(678, 893, 118, 'Billed', '2020-11-29 08:26:17', NULL, '2024-09-07 11:02:20', '2024-09-07 11:02:20', 0),
(679, 929, 118, 'Cancel', '2018-10-28 16:19:18', NULL, '2024-09-07 11:02:20', '2024-09-07 11:02:20', 0),
(680, 160, 119, 'Paid', '2023-02-22 10:42:21', '2018-10-31 13:45:10', '2024-09-07 11:02:20', '2024-09-07 11:02:20', 0),
(681, 323, 119, 'Paid', '2022-11-21 14:07:42', '2022-12-30 12:50:55', '2024-09-07 11:02:20', '2024-09-07 11:02:20', 0),
(682, 378, 119, 'Paid', '2021-06-02 19:47:17', '2015-11-16 22:06:00', '2024-09-07 11:02:20', '2024-09-07 11:02:20', 0),
(683, 552, 120, 'Paid', '2021-10-14 16:16:08', '2020-08-01 21:32:26', '2024-09-07 11:02:20', '2024-09-07 11:02:20', 0),
(684, 178, 120, 'Paid', '2022-08-07 15:21:30', '2019-08-30 11:30:01', '2024-09-07 11:02:20', '2024-09-07 11:02:20', 0),
(685, 936, 120, 'Paid', '2021-09-09 15:52:58', '2020-08-23 04:10:24', '2024-09-07 11:02:20', '2024-09-07 11:02:20', 0),
(686, 230, 121, 'Paid', '2018-03-26 11:29:08', '2015-12-31 01:07:07', '2024-09-07 11:02:20', '2024-09-07 11:02:20', 0),
(687, 838, 121, 'Cancel', '2015-05-05 16:57:46', NULL, '2024-09-07 11:02:20', '2024-09-07 11:02:20', 0),
(688, 122, 121, 'Billed', '2023-11-14 04:37:29', NULL, '2024-09-07 11:02:20', '2024-09-07 11:02:20', 0),
(689, 936, 122, 'Cancel', '2023-10-01 02:58:02', NULL, '2024-09-07 11:02:20', '2024-09-07 11:02:20', 0),
(690, 262, 122, 'Cancel', '2016-08-10 05:51:52', NULL, '2024-09-07 11:02:20', '2024-09-07 11:02:20', 0),
(691, 773, 122, 'Cancel', '2017-08-19 02:59:37', NULL, '2024-09-07 11:02:20', '2024-09-07 11:02:20', 0),
(692, 995, 123, 'Cancel', '2019-07-12 21:22:07', NULL, '2024-09-07 11:02:20', '2024-09-07 11:02:20', 0),
(693, 710, 123, 'Billed', '2023-08-07 21:11:40', NULL, '2024-09-07 11:02:20', '2024-09-07 11:02:20', 0),
(694, 775, 123, 'Cancel', '2021-06-17 22:40:29', NULL, '2024-09-07 11:02:20', '2024-09-07 11:02:20', 0),
(695, 904, 124, 'Billed', '2020-02-07 04:18:34', NULL, '2024-09-07 11:02:20', '2024-09-07 11:02:20', 0),
(696, 289, 124, 'Billed', '2021-05-10 21:19:46', NULL, '2024-09-07 11:02:20', '2024-09-07 11:02:20', 0),
(697, 650, 124, 'Paid', '2018-01-09 00:57:13', '2014-09-13 11:56:35', '2024-09-07 11:02:20', '2024-09-07 11:02:20', 0),
(698, 343, 125, 'Billed', '2019-05-14 02:13:20', NULL, '2024-09-07 11:02:21', '2024-09-07 11:02:21', 0),
(699, 266, 125, 'Paid', '2023-05-15 02:50:38', '2021-06-27 21:12:42', '2024-09-07 11:02:21', '2024-09-07 11:02:21', 0),
(700, 137, 125, 'Cancel', '2017-01-08 16:44:38', NULL, '2024-09-07 11:02:21', '2024-09-07 11:02:21', 0);

-- --------------------------------------------------------

--
-- Structure de la table `migrations`
--

DROP TABLE IF EXISTS `migrations`;
CREATE TABLE IF NOT EXISTS `migrations` (
  `id` int(10) UNSIGNED NOT NULL AUTO_INCREMENT,
  `migration` varchar(191) COLLATE utf8mb4_unicode_ci NOT NULL,
  `batch` int(11) NOT NULL,
  PRIMARY KEY (`id`)
) ENGINE=MyISAM AUTO_INCREMENT=46 DEFAULT CHARSET=utf8mb4 COLLATE=utf8mb4_unicode_ci;

--
-- Déchargement des données de la table `migrations`
--

INSERT INTO `migrations` (`id`, `migration`, `batch`) VALUES
(37, '2014_10_12_000000_create_users_table', 1),
(38, '2014_10_12_100000_create_password_reset_tokens_table', 1),
(39, '2019_08_19_000000_create_failed_jobs_table', 1),
(40, '2019_12_14_000001_create_personal_access_tokens_table', 1),
(41, '2024_09_07_125846_create_customers_table', 1),
(42, '2024_09_07_125926_create_invoices_table', 1),
(43, '2024_09_12_192758_add_user_id_to_customers_table', 2),
(44, '2024_09_12_193930_add_user_id_to_invoices_table', 3),
(45, '2024_09_21_125108_create_posts_table', 4);

-- --------------------------------------------------------

--
-- Structure de la table `password_reset_tokens`
--

DROP TABLE IF EXISTS `password_reset_tokens`;
CREATE TABLE IF NOT EXISTS `password_reset_tokens` (
  `email` varchar(191) COLLATE utf8mb4_unicode_ci NOT NULL,
  `token` varchar(191) COLLATE utf8mb4_unicode_ci NOT NULL,
  `created_at` timestamp NULL DEFAULT NULL,
  PRIMARY KEY (`email`)
) ENGINE=MyISAM DEFAULT CHARSET=utf8mb4 COLLATE=utf8mb4_unicode_ci;

-- --------------------------------------------------------

--
-- Structure de la table `personal_access_tokens`
--

DROP TABLE IF EXISTS `personal_access_tokens`;
CREATE TABLE IF NOT EXISTS `personal_access_tokens` (
  `id` bigint(20) UNSIGNED NOT NULL AUTO_INCREMENT,
  `tokenable_type` varchar(191) COLLATE utf8mb4_unicode_ci NOT NULL,
  `tokenable_id` bigint(20) UNSIGNED NOT NULL,
  `name` varchar(191) COLLATE utf8mb4_unicode_ci NOT NULL,
  `token` varchar(64) COLLATE utf8mb4_unicode_ci NOT NULL,
  `abilities` text COLLATE utf8mb4_unicode_ci,
  `last_used_at` timestamp NULL DEFAULT NULL,
  `expires_at` timestamp NULL DEFAULT NULL,
  `created_at` timestamp NULL DEFAULT NULL,
  `updated_at` timestamp NULL DEFAULT NULL,
  PRIMARY KEY (`id`),
  UNIQUE KEY `personal_access_tokens_token_unique` (`token`),
  KEY `personal_access_tokens_tokenable_type_tokenable_id_index` (`tokenable_type`,`tokenable_id`)
) ENGINE=MyISAM AUTO_INCREMENT=4 DEFAULT CHARSET=utf8mb4 COLLATE=utf8mb4_unicode_ci;

--
-- Déchargement des données de la table `personal_access_tokens`
--

INSERT INTO `personal_access_tokens` (`id`, `tokenable_type`, `tokenable_id`, `name`, `token`, `abilities`, `last_used_at`, `expires_at`, `created_at`, `updated_at`) VALUES
(1, 'App\\Models\\User', 4, 'SECURITY_API_KEY', 'aa0fd4b034dcd0b270be91535628f9241bb8be2ed9b0e282076a0e7d60f17df4', '[\"*\"]', NULL, NULL, '2024-09-12 16:26:00', '2024-09-12 16:26:00'),
(2, 'App\\Models\\User', 4, 'SECURITY_API_KEY', 'b1f92b42fab1cf02d1f0c4fab747514f8aca6ccf6fec459cecec3ec621c41ca2', '[\"*\"]', '2024-09-21 11:20:33', NULL, '2024-09-12 16:50:54', '2024-09-21 11:20:33'),
(3, 'App\\Models\\User', 4, 'SECURITY_API_KEY', 'fdc099b929139ef82eafa3b2545ca3c8c5b14aacbfa6ef3d8ef2b77643d18d64', '[\"*\"]', NULL, NULL, '2024-09-12 16:51:24', '2024-09-12 16:51:24');

-- --------------------------------------------------------

--
-- Structure de la table `posts`
--

DROP TABLE IF EXISTS `posts`;
CREATE TABLE IF NOT EXISTS `posts` (
  `id` bigint(20) UNSIGNED NOT NULL AUTO_INCREMENT,
  `prenom` varchar(191) COLLATE utf8mb4_unicode_ci NOT NULL,
  `created_at` timestamp NULL DEFAULT NULL,
  `updated_at` timestamp NULL DEFAULT NULL,
  PRIMARY KEY (`id`)
) ENGINE=MyISAM DEFAULT CHARSET=utf8mb4 COLLATE=utf8mb4_unicode_ci;

-- --------------------------------------------------------

--
-- Structure de la table `users`
--

DROP TABLE IF EXISTS `users`;
CREATE TABLE IF NOT EXISTS `users` (
  `id` bigint(20) UNSIGNED NOT NULL AUTO_INCREMENT,
  `name` varchar(191) COLLATE utf8mb4_unicode_ci NOT NULL,
  `email` varchar(191) COLLATE utf8mb4_unicode_ci NOT NULL,
  `email_verified_at` timestamp NULL DEFAULT NULL,
  `password` varchar(191) COLLATE utf8mb4_unicode_ci NOT NULL,
  `remember_token` varchar(100) COLLATE utf8mb4_unicode_ci DEFAULT NULL,
  `created_at` timestamp NULL DEFAULT NULL,
  `updated_at` timestamp NULL DEFAULT NULL,
  PRIMARY KEY (`id`),
  UNIQUE KEY `users_email_unique` (`email`)
) ENGINE=MyISAM AUTO_INCREMENT=5 DEFAULT CHARSET=utf8mb4 COLLATE=utf8mb4_unicode_ci;

--
-- Déchargement des données de la table `users`
--

INSERT INTO `users` (`id`, `name`, `email`, `email_verified_at`, `password`, `remember_token`, `created_at`, `updated_at`) VALUES
(4, 'Narindra', 'narindra@gmail.com', NULL, '$2y$10$WoClfNzqMFIpXr3Huxo1GupJswZ1nVaLbkplIeKMBf6mCscDHHS6C', NULL, '2024-09-12 16:15:15', '2024-09-12 16:15:15');
COMMIT;

/*!40101 SET CHARACTER_SET_CLIENT=@OLD_CHARACTER_SET_CLIENT */;
/*!40101 SET CHARACTER_SET_RESULTS=@OLD_CHARACTER_SET_RESULTS */;
/*!40101 SET COLLATION_CONNECTION=@OLD_COLLATION_CONNECTION */;
